

Microchip MPLAB XC8 Assembler V2.46 build 20240104201356 
                                                                                               Tue Mar 10 15:46:25 2026

Microchip MPLAB XC8 C Compiler v2.46 (Free license) build 20240104201356 Og1 
     1                           	processor	16F1936
     2                           	pagewidth 120
     3                           	opt	flic
     4                           	psect	idataBANK1,global,class=CODE,delta=2,noexec
     5                           	psect	cinit,global,class=CODE,merge=1,delta=2
     6                           	psect	bssCOMMON,global,class=COMMON,space=1,delta=1,noexec
     7                           	psect	bssBANK0,global,class=BANK0,space=1,delta=1,noexec
     8                           	psect	dataBANK1,global,class=BANK1,space=1,delta=1,noexec
     9                           	psect	inittext,global,class=CODE,delta=2
    10                           	psect	clrtext,global,class=CODE,delta=2
    11                           	psect	cstackCOMMON,global,class=COMMON,space=1,delta=1,noexec
    12                           	psect	cstackBANK0,global,class=BANK0,space=1,delta=1,noexec
    13                           	psect	maintext,global,class=CODE,merge=1,split=1,delta=2
    14                           	psect	text1,local,class=CODE,merge=1,delta=2
    15                           	psect	text2,local,class=CODE,merge=1,delta=2
    16                           	psect	text3,local,class=CODE,merge=1,delta=2
    17                           	psect	text4,local,class=CODE,merge=1,delta=2
    18                           	psect	text5,local,class=CODE,merge=1,delta=2
    19                           	psect	text6,local,class=CODE,merge=1,delta=2
    20                           	psect	text7,local,class=CODE,merge=1,delta=2
    21                           	psect	text8,local,class=CODE,merge=1,delta=2
    22                           	psect	text9,local,class=CODE,merge=1,delta=2
    23                           	psect	text10,local,class=CODE,merge=1,delta=2
    24                           	psect	text11,local,class=CODE,merge=1,delta=2
    25                           	psect	text12,local,class=CODE,merge=1,delta=2
    26                           	psect	text13,local,class=CODE,merge=1,delta=2
    27                           	psect	text14,local,class=CODE,merge=1,delta=2
    28                           	psect	text15,local,class=CODE,merge=1,delta=2
    29                           	psect	text16,local,class=CODE,merge=1,delta=2
    30                           	psect	text17,local,class=CODE,merge=1,delta=2
    31                           	psect	intentry,global,class=CODE,delta=2
    32                           	psect	text19,local,class=CODE,merge=1,delta=2
    33                           	psect	text20,local,class=CODE,merge=1,delta=2
    34                           	psect	text21,local,class=CODE,merge=1,delta=2
    35                           	psect	text22,local,class=CODE,merge=1,delta=2
    36                           	psect	text23,local,class=CODE,merge=1,delta=2
    37                           	psect	text24,local,class=CODE,merge=1,delta=2
    38                           	psect	config,global,abs,ovrld,class=CONFIG,space=4,delta=2,noexec
    39                           	dabs	1,0x7E,2
    40     0000                     
    41                           ; Version 2.20
    42                           ; Generated 12/02/2020 GMT
    43                           ; 
    44                           ; Copyright © 2020, Microchip Technology Inc. and its subsidiaries ("Microchip")
    45                           ; All rights reserved.
    46                           ; 
    47                           ; This software is developed by Microchip Technology Inc. and its subsidiaries ("Microch
      +                          ip").
    48                           ; 
    49                           ; Redistribution and use in source and binary forms, with or without modification, are
    50                           ; permitted provided that the following conditions are met:
    51                           ; 
    52                           ;     1. Redistributions of source code must retain the above copyright notice, this lis
      +                          t of
    53                           ;        conditions and the following disclaimer.
    54                           ; 
    55                           ;     2. Redistributions in binary form must reproduce the above copyright notice, this 
      +                          list
    56                           ;        of conditions and the following disclaimer in the documentation and/or other
    57                           ;        materials provided with the distribution.
    58                           ; 
    59                           ;     3. Microchip's name may not be used to endorse or promote products derived from th
      +                          is
    60                           ;        software without specific prior written permission.
    61                           ; 
    62                           ; THIS SOFTWARE IS PROVIDED BY MICROCHIP "AS IS" AND ANY EXPRESS OR IMPLIED WARRANTIES,
    63                           ; INCLUDING, BUT NOT LIMITED TO, THE IMPLIED WARRANTIES OF MERCHANTABILITY AND FITNESS F
      +                          OR
    64                           ; PURPOSE ARE DISCLAIMED.  IN NO EVENT SHALL MICROCHIP BE LIABLE FOR ANY DIRECT, INDIREC
      +                          T,
    65                           ; INCIDENTAL, SPECIAL, EXEMPLARY, OR CONSEQUENTIAL DAMAGES (INCLUDING BUT NOT LIMITED TO
    66                           ; PROCUREMENT OF SUBSTITUTE GOODS OR SERVICES; LOSS OF USE, DATA OR PROFITS; OR BUSINESS
    67                           ; INTERRUPTION) HOWSOEVER CAUSED AND ON ANY THEORY OF LIABILITY, WHETHER IN CONTRACT, ST
      +                          RICT
    68                           ; LIABILITY, OR TORT (INCLUDING NEGLIGENCE OR OTHERWISE) ARISING IN ANY WAY OUT OF THE U
      +                          SE OF
    69                           ; THIS SOFTWARE, EVEN IF ADVISED OF THE POSSIBILITY OF SUCH DAMAGE.
    70                           ; 
    71                           ; 
    72                           ; Code-generator required, PIC16F1936 Definitions
    73                           ; 
    74                           ; SFR Addresses
    75     0000                     	;# 
    76     0001                     	;# 
    77     0002                     	;# 
    78     0003                     	;# 
    79     0004                     	;# 
    80     0005                     	;# 
    81     0006                     	;# 
    82     0007                     	;# 
    83     0008                     	;# 
    84     0009                     	;# 
    85     000A                     	;# 
    86     000B                     	;# 
    87     000C                     	;# 
    88     000D                     	;# 
    89     000E                     	;# 
    90     0010                     	;# 
    91     0011                     	;# 
    92     0012                     	;# 
    93     0013                     	;# 
    94     0015                     	;# 
    95     0016                     	;# 
    96     0016                     	;# 
    97     0017                     	;# 
    98     0018                     	;# 
    99     0019                     	;# 
   100     001A                     	;# 
   101     001B                     	;# 
   102     001C                     	;# 
   103     001E                     	;# 
   104     001F                     	;# 
   105     008C                     	;# 
   106     008D                     	;# 
   107     008E                     	;# 
   108     0090                     	;# 
   109     0091                     	;# 
   110     0092                     	;# 
   111     0093                     	;# 
   112     0095                     	;# 
   113     0096                     	;# 
   114     0097                     	;# 
   115     0098                     	;# 
   116     0099                     	;# 
   117     009A                     	;# 
   118     009B                     	;# 
   119     009B                     	;# 
   120     009C                     	;# 
   121     009D                     	;# 
   122     009E                     	;# 
   123     010C                     	;# 
   124     010D                     	;# 
   125     010E                     	;# 
   126     0110                     	;# 
   127     0111                     	;# 
   128     0112                     	;# 
   129     0113                     	;# 
   130     0114                     	;# 
   131     0115                     	;# 
   132     0116                     	;# 
   133     0117                     	;# 
   134     0118                     	;# 
   135     0119                     	;# 
   136     011A                     	;# 
   137     011B                     	;# 
   138     011D                     	;# 
   139     018C                     	;# 
   140     018D                     	;# 
   141     0191                     	;# 
   142     0191                     	;# 
   143     0192                     	;# 
   144     0193                     	;# 
   145     0193                     	;# 
   146     0193                     	;# 
   147     0194                     	;# 
   148     0195                     	;# 
   149     0196                     	;# 
   150     0199                     	;# 
   151     019A                     	;# 
   152     019B                     	;# 
   153     019B                     	;# 
   154     019B                     	;# 
   155     019B                     	;# 
   156     019C                     	;# 
   157     019C                     	;# 
   158     019D                     	;# 
   159     019E                     	;# 
   160     019F                     	;# 
   161     020D                     	;# 
   162     0210                     	;# 
   163     0211                     	;# 
   164     0212                     	;# 
   165     0213                     	;# 
   166     0214                     	;# 
   167     0215                     	;# 
   168     0215                     	;# 
   169     0216                     	;# 
   170     0217                     	;# 
   171     0291                     	;# 
   172     0291                     	;# 
   173     0292                     	;# 
   174     0293                     	;# 
   175     0294                     	;# 
   176     0295                     	;# 
   177     0295                     	;# 
   178     0296                     	;# 
   179     0298                     	;# 
   180     0298                     	;# 
   181     0299                     	;# 
   182     029A                     	;# 
   183     029B                     	;# 
   184     029C                     	;# 
   185     029C                     	;# 
   186     029D                     	;# 
   187     029E                     	;# 
   188     029F                     	;# 
   189     0311                     	;# 
   190     0311                     	;# 
   191     0312                     	;# 
   192     0313                     	;# 
   193     0314                     	;# 
   194     0315                     	;# 
   195     0315                     	;# 
   196     0316                     	;# 
   197     0318                     	;# 
   198     0318                     	;# 
   199     0319                     	;# 
   200     031A                     	;# 
   201     031C                     	;# 
   202     031C                     	;# 
   203     031D                     	;# 
   204     031E                     	;# 
   205     0394                     	;# 
   206     0395                     	;# 
   207     0396                     	;# 
   208     0415                     	;# 
   209     0416                     	;# 
   210     0417                     	;# 
   211     041C                     	;# 
   212     041D                     	;# 
   213     041E                     	;# 
   214     0791                     	;# 
   215     0792                     	;# 
   216     0793                     	;# 
   217     0794                     	;# 
   218     0795                     	;# 
   219     0798                     	;# 
   220     0799                     	;# 
   221     07A0                     	;# 
   222     07A1                     	;# 
   223     07A3                     	;# 
   224     07A4                     	;# 
   225     07A6                     	;# 
   226     07A7                     	;# 
   227     07A9                     	;# 
   228     07AA                     	;# 
   229     0FE4                     	;# 
   230     0FE5                     	;# 
   231     0FE6                     	;# 
   232     0FE7                     	;# 
   233     0FE8                     	;# 
   234     0FE9                     	;# 
   235     0FEA                     	;# 
   236     0FEB                     	;# 
   237     0FED                     	;# 
   238     0FEE                     	;# 
   239     0FEF                     	;# 
   240     0000                     	;# 
   241     0001                     	;# 
   242     0002                     	;# 
   243     0003                     	;# 
   244     0004                     	;# 
   245     0005                     	;# 
   246     0006                     	;# 
   247     0007                     	;# 
   248     0008                     	;# 
   249     0009                     	;# 
   250     000A                     	;# 
   251     000B                     	;# 
   252     000C                     	;# 
   253     000D                     	;# 
   254     000E                     	;# 
   255     0010                     	;# 
   256     0011                     	;# 
   257     0012                     	;# 
   258     0013                     	;# 
   259     0015                     	;# 
   260     0016                     	;# 
   261     0016                     	;# 
   262     0017                     	;# 
   263     0018                     	;# 
   264     0019                     	;# 
   265     001A                     	;# 
   266     001B                     	;# 
   267     001C                     	;# 
   268     001E                     	;# 
   269     001F                     	;# 
   270     008C                     	;# 
   271     008D                     	;# 
   272     008E                     	;# 
   273     0090                     	;# 
   274     0091                     	;# 
   275     0092                     	;# 
   276     0093                     	;# 
   277     0095                     	;# 
   278     0096                     	;# 
   279     0097                     	;# 
   280     0098                     	;# 
   281     0099                     	;# 
   282     009A                     	;# 
   283     009B                     	;# 
   284     009B                     	;# 
   285     009C                     	;# 
   286     009D                     	;# 
   287     009E                     	;# 
   288     010C                     	;# 
   289     010D                     	;# 
   290     010E                     	;# 
   291     0110                     	;# 
   292     0111                     	;# 
   293     0112                     	;# 
   294     0113                     	;# 
   295     0114                     	;# 
   296     0115                     	;# 
   297     0116                     	;# 
   298     0117                     	;# 
   299     0118                     	;# 
   300     0119                     	;# 
   301     011A                     	;# 
   302     011B                     	;# 
   303     011D                     	;# 
   304     018C                     	;# 
   305     018D                     	;# 
   306     0191                     	;# 
   307     0191                     	;# 
   308     0192                     	;# 
   309     0193                     	;# 
   310     0193                     	;# 
   311     0193                     	;# 
   312     0194                     	;# 
   313     0195                     	;# 
   314     0196                     	;# 
   315     0199                     	;# 
   316     019A                     	;# 
   317     019B                     	;# 
   318     019B                     	;# 
   319     019B                     	;# 
   320     019B                     	;# 
   321     019C                     	;# 
   322     019C                     	;# 
   323     019D                     	;# 
   324     019E                     	;# 
   325     019F                     	;# 
   326     020D                     	;# 
   327     0210                     	;# 
   328     0211                     	;# 
   329     0212                     	;# 
   330     0213                     	;# 
   331     0214                     	;# 
   332     0215                     	;# 
   333     0215                     	;# 
   334     0216                     	;# 
   335     0217                     	;# 
   336     0291                     	;# 
   337     0291                     	;# 
   338     0292                     	;# 
   339     0293                     	;# 
   340     0294                     	;# 
   341     0295                     	;# 
   342     0295                     	;# 
   343     0296                     	;# 
   344     0298                     	;# 
   345     0298                     	;# 
   346     0299                     	;# 
   347     029A                     	;# 
   348     029B                     	;# 
   349     029C                     	;# 
   350     029C                     	;# 
   351     029D                     	;# 
   352     029E                     	;# 
   353     029F                     	;# 
   354     0311                     	;# 
   355     0311                     	;# 
   356     0312                     	;# 
   357     0313                     	;# 
   358     0314                     	;# 
   359     0315                     	;# 
   360     0315                     	;# 
   361     0316                     	;# 
   362     0318                     	;# 
   363     0318                     	;# 
   364     0319                     	;# 
   365     031A                     	;# 
   366     031C                     	;# 
   367     031C                     	;# 
   368     031D                     	;# 
   369     031E                     	;# 
   370     0394                     	;# 
   371     0395                     	;# 
   372     0396                     	;# 
   373     0415                     	;# 
   374     0416                     	;# 
   375     0417                     	;# 
   376     041C                     	;# 
   377     041D                     	;# 
   378     041E                     	;# 
   379     0791                     	;# 
   380     0792                     	;# 
   381     0793                     	;# 
   382     0794                     	;# 
   383     0795                     	;# 
   384     0798                     	;# 
   385     0799                     	;# 
   386     07A0                     	;# 
   387     07A1                     	;# 
   388     07A3                     	;# 
   389     07A4                     	;# 
   390     07A6                     	;# 
   391     07A7                     	;# 
   392     07A9                     	;# 
   393     07AA                     	;# 
   394     0FE4                     	;# 
   395     0FE5                     	;# 
   396     0FE6                     	;# 
   397     0FE7                     	;# 
   398     0FE8                     	;# 
   399     0FE9                     	;# 
   400     0FEA                     	;# 
   401     0FEB                     	;# 
   402     0FED                     	;# 
   403     0FEE                     	;# 
   404     0FEF                     	;# 
   405     0000                     	;# 
   406     0001                     	;# 
   407     0002                     	;# 
   408     0003                     	;# 
   409     0004                     	;# 
   410     0005                     	;# 
   411     0006                     	;# 
   412     0007                     	;# 
   413     0008                     	;# 
   414     0009                     	;# 
   415     000A                     	;# 
   416     000B                     	;# 
   417     000C                     	;# 
   418     000D                     	;# 
   419     000E                     	;# 
   420     0010                     	;# 
   421     0011                     	;# 
   422     0012                     	;# 
   423     0013                     	;# 
   424     0015                     	;# 
   425     0016                     	;# 
   426     0016                     	;# 
   427     0017                     	;# 
   428     0018                     	;# 
   429     0019                     	;# 
   430     001A                     	;# 
   431     001B                     	;# 
   432     001C                     	;# 
   433     001E                     	;# 
   434     001F                     	;# 
   435     008C                     	;# 
   436     008D                     	;# 
   437     008E                     	;# 
   438     0090                     	;# 
   439     0091                     	;# 
   440     0092                     	;# 
   441     0093                     	;# 
   442     0095                     	;# 
   443     0096                     	;# 
   444     0097                     	;# 
   445     0098                     	;# 
   446     0099                     	;# 
   447     009A                     	;# 
   448     009B                     	;# 
   449     009B                     	;# 
   450     009C                     	;# 
   451     009D                     	;# 
   452     009E                     	;# 
   453     010C                     	;# 
   454     010D                     	;# 
   455     010E                     	;# 
   456     0110                     	;# 
   457     0111                     	;# 
   458     0112                     	;# 
   459     0113                     	;# 
   460     0114                     	;# 
   461     0115                     	;# 
   462     0116                     	;# 
   463     0117                     	;# 
   464     0118                     	;# 
   465     0119                     	;# 
   466     011A                     	;# 
   467     011B                     	;# 
   468     011D                     	;# 
   469     018C                     	;# 
   470     018D                     	;# 
   471     0191                     	;# 
   472     0191                     	;# 
   473     0192                     	;# 
   474     0193                     	;# 
   475     0193                     	;# 
   476     0193                     	;# 
   477     0194                     	;# 
   478     0195                     	;# 
   479     0196                     	;# 
   480     0199                     	;# 
   481     019A                     	;# 
   482     019B                     	;# 
   483     019B                     	;# 
   484     019B                     	;# 
   485     019B                     	;# 
   486     019C                     	;# 
   487     019C                     	;# 
   488     019D                     	;# 
   489     019E                     	;# 
   490     019F                     	;# 
   491     020D                     	;# 
   492     0210                     	;# 
   493     0211                     	;# 
   494     0212                     	;# 
   495     0213                     	;# 
   496     0214                     	;# 
   497     0215                     	;# 
   498     0215                     	;# 
   499     0216                     	;# 
   500     0217                     	;# 
   501     0291                     	;# 
   502     0291                     	;# 
   503     0292                     	;# 
   504     0293                     	;# 
   505     0294                     	;# 
   506     0295                     	;# 
   507     0295                     	;# 
   508     0296                     	;# 
   509     0298                     	;# 
   510     0298                     	;# 
   511     0299                     	;# 
   512     029A                     	;# 
   513     029B                     	;# 
   514     029C                     	;# 
   515     029C                     	;# 
   516     029D                     	;# 
   517     029E                     	;# 
   518     029F                     	;# 
   519     0311                     	;# 
   520     0311                     	;# 
   521     0312                     	;# 
   522     0313                     	;# 
   523     0314                     	;# 
   524     0315                     	;# 
   525     0315                     	;# 
   526     0316                     	;# 
   527     0318                     	;# 
   528     0318                     	;# 
   529     0319                     	;# 
   530     031A                     	;# 
   531     031C                     	;# 
   532     031C                     	;# 
   533     031D                     	;# 
   534     031E                     	;# 
   535     0394                     	;# 
   536     0395                     	;# 
   537     0396                     	;# 
   538     0415                     	;# 
   539     0416                     	;# 
   540     0417                     	;# 
   541     041C                     	;# 
   542     041D                     	;# 
   543     041E                     	;# 
   544     0791                     	;# 
   545     0792                     	;# 
   546     0793                     	;# 
   547     0794                     	;# 
   548     0795                     	;# 
   549     0798                     	;# 
   550     0799                     	;# 
   551     07A0                     	;# 
   552     07A1                     	;# 
   553     07A3                     	;# 
   554     07A4                     	;# 
   555     07A6                     	;# 
   556     07A7                     	;# 
   557     07A9                     	;# 
   558     07AA                     	;# 
   559     0FE4                     	;# 
   560     0FE5                     	;# 
   561     0FE6                     	;# 
   562     0FE7                     	;# 
   563     0FE8                     	;# 
   564     0FE9                     	;# 
   565     0FEA                     	;# 
   566     0FEB                     	;# 
   567     0FED                     	;# 
   568     0FEE                     	;# 
   569     0FEF                     	;# 
   570     0000                     	;# 
   571     0001                     	;# 
   572     0002                     	;# 
   573     0003                     	;# 
   574     0004                     	;# 
   575     0005                     	;# 
   576     0006                     	;# 
   577     0007                     	;# 
   578     0008                     	;# 
   579     0009                     	;# 
   580     000A                     	;# 
   581     000B                     	;# 
   582     000C                     	;# 
   583     000D                     	;# 
   584     000E                     	;# 
   585     0010                     	;# 
   586     0011                     	;# 
   587     0012                     	;# 
   588     0013                     	;# 
   589     0015                     	;# 
   590     0016                     	;# 
   591     0016                     	;# 
   592     0017                     	;# 
   593     0018                     	;# 
   594     0019                     	;# 
   595     001A                     	;# 
   596     001B                     	;# 
   597     001C                     	;# 
   598     001E                     	;# 
   599     001F                     	;# 
   600     008C                     	;# 
   601     008D                     	;# 
   602     008E                     	;# 
   603     0090                     	;# 
   604     0091                     	;# 
   605     0092                     	;# 
   606     0093                     	;# 
   607     0095                     	;# 
   608     0096                     	;# 
   609     0097                     	;# 
   610     0098                     	;# 
   611     0099                     	;# 
   612     009A                     	;# 
   613     009B                     	;# 
   614     009B                     	;# 
   615     009C                     	;# 
   616     009D                     	;# 
   617     009E                     	;# 
   618     010C                     	;# 
   619     010D                     	;# 
   620     010E                     	;# 
   621     0110                     	;# 
   622     0111                     	;# 
   623     0112                     	;# 
   624     0113                     	;# 
   625     0114                     	;# 
   626     0115                     	;# 
   627     0116                     	;# 
   628     0117                     	;# 
   629     0118                     	;# 
   630     0119                     	;# 
   631     011A                     	;# 
   632     011B                     	;# 
   633     011D                     	;# 
   634     018C                     	;# 
   635     018D                     	;# 
   636     0191                     	;# 
   637     0191                     	;# 
   638     0192                     	;# 
   639     0193                     	;# 
   640     0193                     	;# 
   641     0193                     	;# 
   642     0194                     	;# 
   643     0195                     	;# 
   644     0196                     	;# 
   645     0199                     	;# 
   646     019A                     	;# 
   647     019B                     	;# 
   648     019B                     	;# 
   649     019B                     	;# 
   650     019B                     	;# 
   651     019C                     	;# 
   652     019C                     	;# 
   653     019D                     	;# 
   654     019E                     	;# 
   655     019F                     	;# 
   656     020D                     	;# 
   657     0210                     	;# 
   658     0211                     	;# 
   659     0212                     	;# 
   660     0213                     	;# 
   661     0214                     	;# 
   662     0215                     	;# 
   663     0215                     	;# 
   664     0216                     	;# 
   665     0217                     	;# 
   666     0291                     	;# 
   667     0291                     	;# 
   668     0292                     	;# 
   669     0293                     	;# 
   670     0294                     	;# 
   671     0295                     	;# 
   672     0295                     	;# 
   673     0296                     	;# 
   674     0298                     	;# 
   675     0298                     	;# 
   676     0299                     	;# 
   677     029A                     	;# 
   678     029B                     	;# 
   679     029C                     	;# 
   680     029C                     	;# 
   681     029D                     	;# 
   682     029E                     	;# 
   683     029F                     	;# 
   684     0311                     	;# 
   685     0311                     	;# 
   686     0312                     	;# 
   687     0313                     	;# 
   688     0314                     	;# 
   689     0315                     	;# 
   690     0315                     	;# 
   691     0316                     	;# 
   692     0318                     	;# 
   693     0318                     	;# 
   694     0319                     	;# 
   695     031A                     	;# 
   696     031C                     	;# 
   697     031C                     	;# 
   698     031D                     	;# 
   699     031E                     	;# 
   700     0394                     	;# 
   701     0395                     	;# 
   702     0396                     	;# 
   703     0415                     	;# 
   704     0416                     	;# 
   705     0417                     	;# 
   706     041C                     	;# 
   707     041D                     	;# 
   708     041E                     	;# 
   709     0791                     	;# 
   710     0792                     	;# 
   711     0793                     	;# 
   712     0794                     	;# 
   713     0795                     	;# 
   714     0798                     	;# 
   715     0799                     	;# 
   716     07A0                     	;# 
   717     07A1                     	;# 
   718     07A3                     	;# 
   719     07A4                     	;# 
   720     07A6                     	;# 
   721     07A7                     	;# 
   722     07A9                     	;# 
   723     07AA                     	;# 
   724     0FE4                     	;# 
   725     0FE5                     	;# 
   726     0FE6                     	;# 
   727     0FE7                     	;# 
   728     0FE8                     	;# 
   729     0FE9                     	;# 
   730     0FEA                     	;# 
   731     0FEB                     	;# 
   732     0FED                     	;# 
   733     0FEE                     	;# 
   734     0FEF                     	;# 
   735     0000                     	;# 
   736     0001                     	;# 
   737     0002                     	;# 
   738     0003                     	;# 
   739     0004                     	;# 
   740     0005                     	;# 
   741     0006                     	;# 
   742     0007                     	;# 
   743     0008                     	;# 
   744     0009                     	;# 
   745     000A                     	;# 
   746     000B                     	;# 
   747     000C                     	;# 
   748     000D                     	;# 
   749     000E                     	;# 
   750     0010                     	;# 
   751     0011                     	;# 
   752     0012                     	;# 
   753     0013                     	;# 
   754     0015                     	;# 
   755     0016                     	;# 
   756     0016                     	;# 
   757     0017                     	;# 
   758     0018                     	;# 
   759     0019                     	;# 
   760     001A                     	;# 
   761     001B                     	;# 
   762     001C                     	;# 
   763     001E                     	;# 
   764     001F                     	;# 
   765     008C                     	;# 
   766     008D                     	;# 
   767     008E                     	;# 
   768     0090                     	;# 
   769     0091                     	;# 
   770     0092                     	;# 
   771     0093                     	;# 
   772     0095                     	;# 
   773     0096                     	;# 
   774     0097                     	;# 
   775     0098                     	;# 
   776     0099                     	;# 
   777     009A                     	;# 
   778     009B                     	;# 
   779     009B                     	;# 
   780     009C                     	;# 
   781     009D                     	;# 
   782     009E                     	;# 
   783     010C                     	;# 
   784     010D                     	;# 
   785     010E                     	;# 
   786     0110                     	;# 
   787     0111                     	;# 
   788     0112                     	;# 
   789     0113                     	;# 
   790     0114                     	;# 
   791     0115                     	;# 
   792     0116                     	;# 
   793     0117                     	;# 
   794     0118                     	;# 
   795     0119                     	;# 
   796     011A                     	;# 
   797     011B                     	;# 
   798     011D                     	;# 
   799     018C                     	;# 
   800     018D                     	;# 
   801     0191                     	;# 
   802     0191                     	;# 
   803     0192                     	;# 
   804     0193                     	;# 
   805     0193                     	;# 
   806     0193                     	;# 
   807     0194                     	;# 
   808     0195                     	;# 
   809     0196                     	;# 
   810     0199                     	;# 
   811     019A                     	;# 
   812     019B                     	;# 
   813     019B                     	;# 
   814     019B                     	;# 
   815     019B                     	;# 
   816     019C                     	;# 
   817     019C                     	;# 
   818     019D                     	;# 
   819     019E                     	;# 
   820     019F                     	;# 
   821     020D                     	;# 
   822     0210                     	;# 
   823     0211                     	;# 
   824     0212                     	;# 
   825     0213                     	;# 
   826     0214                     	;# 
   827     0215                     	;# 
   828     0215                     	;# 
   829     0216                     	;# 
   830     0217                     	;# 
   831     0291                     	;# 
   832     0291                     	;# 
   833     0292                     	;# 
   834     0293                     	;# 
   835     0294                     	;# 
   836     0295                     	;# 
   837     0295                     	;# 
   838     0296                     	;# 
   839     0298                     	;# 
   840     0298                     	;# 
   841     0299                     	;# 
   842     029A                     	;# 
   843     029B                     	;# 
   844     029C                     	;# 
   845     029C                     	;# 
   846     029D                     	;# 
   847     029E                     	;# 
   848     029F                     	;# 
   849     0311                     	;# 
   850     0311                     	;# 
   851     0312                     	;# 
   852     0313                     	;# 
   853     0314                     	;# 
   854     0315                     	;# 
   855     0315                     	;# 
   856     0316                     	;# 
   857     0318                     	;# 
   858     0318                     	;# 
   859     0319                     	;# 
   860     031A                     	;# 
   861     031C                     	;# 
   862     031C                     	;# 
   863     031D                     	;# 
   864     031E                     	;# 
   865     0394                     	;# 
   866     0395                     	;# 
   867     0396                     	;# 
   868     0415                     	;# 
   869     0416                     	;# 
   870     0417                     	;# 
   871     041C                     	;# 
   872     041D                     	;# 
   873     041E                     	;# 
   874     0791                     	;# 
   875     0792                     	;# 
   876     0793                     	;# 
   877     0794                     	;# 
   878     0795                     	;# 
   879     0798                     	;# 
   880     0799                     	;# 
   881     07A0                     	;# 
   882     07A1                     	;# 
   883     07A3                     	;# 
   884     07A4                     	;# 
   885     07A6                     	;# 
   886     07A7                     	;# 
   887     07A9                     	;# 
   888     07AA                     	;# 
   889     0FE4                     	;# 
   890     0FE5                     	;# 
   891     0FE6                     	;# 
   892     0FE7                     	;# 
   893     0FE8                     	;# 
   894     0FE9                     	;# 
   895     0FEA                     	;# 
   896     0FEB                     	;# 
   897     0FED                     	;# 
   898     0FEE                     	;# 
   899     0FEF                     	;# 
   900     0000                     	;# 
   901     0001                     	;# 
   902     0002                     	;# 
   903     0003                     	;# 
   904     0004                     	;# 
   905     0005                     	;# 
   906     0006                     	;# 
   907     0007                     	;# 
   908     0008                     	;# 
   909     0009                     	;# 
   910     000A                     	;# 
   911     000B                     	;# 
   912     000C                     	;# 
   913     000D                     	;# 
   914     000E                     	;# 
   915     0010                     	;# 
   916     0011                     	;# 
   917     0012                     	;# 
   918     0013                     	;# 
   919     0015                     	;# 
   920     0016                     	;# 
   921     0016                     	;# 
   922     0017                     	;# 
   923     0018                     	;# 
   924     0019                     	;# 
   925     001A                     	;# 
   926     001B                     	;# 
   927     001C                     	;# 
   928     001E                     	;# 
   929     001F                     	;# 
   930     008C                     	;# 
   931     008D                     	;# 
   932     008E                     	;# 
   933     0090                     	;# 
   934     0091                     	;# 
   935     0092                     	;# 
   936     0093                     	;# 
   937     0095                     	;# 
   938     0096                     	;# 
   939     0097                     	;# 
   940     0098                     	;# 
   941     0099                     	;# 
   942     009A                     	;# 
   943     009B                     	;# 
   944     009B                     	;# 
   945     009C                     	;# 
   946     009D                     	;# 
   947     009E                     	;# 
   948     010C                     	;# 
   949     010D                     	;# 
   950     010E                     	;# 
   951     0110                     	;# 
   952     0111                     	;# 
   953     0112                     	;# 
   954     0113                     	;# 
   955     0114                     	;# 
   956     0115                     	;# 
   957     0116                     	;# 
   958     0117                     	;# 
   959     0118                     	;# 
   960     0119                     	;# 
   961     011A                     	;# 
   962     011B                     	;# 
   963     011D                     	;# 
   964     018C                     	;# 
   965     018D                     	;# 
   966     0191                     	;# 
   967     0191                     	;# 
   968     0192                     	;# 
   969     0193                     	;# 
   970     0193                     	;# 
   971     0193                     	;# 
   972     0194                     	;# 
   973     0195                     	;# 
   974     0196                     	;# 
   975     0199                     	;# 
   976     019A                     	;# 
   977     019B                     	;# 
   978     019B                     	;# 
   979     019B                     	;# 
   980     019B                     	;# 
   981     019C                     	;# 
   982     019C                     	;# 
   983     019D                     	;# 
   984     019E                     	;# 
   985     019F                     	;# 
   986     020D                     	;# 
   987     0210                     	;# 
   988     0211                     	;# 
   989     0212                     	;# 
   990     0213                     	;# 
   991     0214                     	;# 
   992     0215                     	;# 
   993     0215                     	;# 
   994     0216                     	;# 
   995     0217                     	;# 
   996     0291                     	;# 
   997     0291                     	;# 
   998     0292                     	;# 
   999     0293                     	;# 
  1000     0294                     	;# 
  1001     0295                     	;# 
  1002     0295                     	;# 
  1003     0296                     	;# 
  1004     0298                     	;# 
  1005     0298                     	;# 
  1006     0299                     	;# 
  1007     029A                     	;# 
  1008     029B                     	;# 
  1009     029C                     	;# 
  1010     029C                     	;# 
  1011     029D                     	;# 
  1012     029E                     	;# 
  1013     029F                     	;# 
  1014     0311                     	;# 
  1015     0311                     	;# 
  1016     0312                     	;# 
  1017     0313                     	;# 
  1018     0314                     	;# 
  1019     0315                     	;# 
  1020     0315                     	;# 
  1021     0316                     	;# 
  1022     0318                     	;# 
  1023     0318                     	;# 
  1024     0319                     	;# 
  1025     031A                     	;# 
  1026     031C                     	;# 
  1027     031C                     	;# 
  1028     031D                     	;# 
  1029     031E                     	;# 
  1030     0394                     	;# 
  1031     0395                     	;# 
  1032     0396                     	;# 
  1033     0415                     	;# 
  1034     0416                     	;# 
  1035     0417                     	;# 
  1036     041C                     	;# 
  1037     041D                     	;# 
  1038     041E                     	;# 
  1039     0791                     	;# 
  1040     0792                     	;# 
  1041     0793                     	;# 
  1042     0794                     	;# 
  1043     0795                     	;# 
  1044     0798                     	;# 
  1045     0799                     	;# 
  1046     07A0                     	;# 
  1047     07A1                     	;# 
  1048     07A3                     	;# 
  1049     07A4                     	;# 
  1050     07A6                     	;# 
  1051     07A7                     	;# 
  1052     07A9                     	;# 
  1053     07AA                     	;# 
  1054     0FE4                     	;# 
  1055     0FE5                     	;# 
  1056     0FE6                     	;# 
  1057     0FE7                     	;# 
  1058     0FE8                     	;# 
  1059     0FE9                     	;# 
  1060     0FEA                     	;# 
  1061     0FEB                     	;# 
  1062     0FED                     	;# 
  1063     0FEE                     	;# 
  1064     0FEF                     	;# 
  1065     0000                     	;# 
  1066     0001                     	;# 
  1067     0002                     	;# 
  1068     0003                     	;# 
  1069     0004                     	;# 
  1070     0005                     	;# 
  1071     0006                     	;# 
  1072     0007                     	;# 
  1073     0008                     	;# 
  1074     0009                     	;# 
  1075     000A                     	;# 
  1076     000B                     	;# 
  1077     000C                     	;# 
  1078     000D                     	;# 
  1079     000E                     	;# 
  1080     0010                     	;# 
  1081     0011                     	;# 
  1082     0012                     	;# 
  1083     0013                     	;# 
  1084     0015                     	;# 
  1085     0016                     	;# 
  1086     0016                     	;# 
  1087     0017                     	;# 
  1088     0018                     	;# 
  1089     0019                     	;# 
  1090     001A                     	;# 
  1091     001B                     	;# 
  1092     001C                     	;# 
  1093     001E                     	;# 
  1094     001F                     	;# 
  1095     008C                     	;# 
  1096     008D                     	;# 
  1097     008E                     	;# 
  1098     0090                     	;# 
  1099     0091                     	;# 
  1100     0092                     	;# 
  1101     0093                     	;# 
  1102     0095                     	;# 
  1103     0096                     	;# 
  1104     0097                     	;# 
  1105     0098                     	;# 
  1106     0099                     	;# 
  1107     009A                     	;# 
  1108     009B                     	;# 
  1109     009B                     	;# 
  1110     009C                     	;# 
  1111     009D                     	;# 
  1112     009E                     	;# 
  1113     010C                     	;# 
  1114     010D                     	;# 
  1115     010E                     	;# 
  1116     0110                     	;# 
  1117     0111                     	;# 
  1118     0112                     	;# 
  1119     0113                     	;# 
  1120     0114                     	;# 
  1121     0115                     	;# 
  1122     0116                     	;# 
  1123     0117                     	;# 
  1124     0118                     	;# 
  1125     0119                     	;# 
  1126     011A                     	;# 
  1127     011B                     	;# 
  1128     011D                     	;# 
  1129     018C                     	;# 
  1130     018D                     	;# 
  1131     0191                     	;# 
  1132     0191                     	;# 
  1133     0192                     	;# 
  1134     0193                     	;# 
  1135     0193                     	;# 
  1136     0193                     	;# 
  1137     0194                     	;# 
  1138     0195                     	;# 
  1139     0196                     	;# 
  1140     0199                     	;# 
  1141     019A                     	;# 
  1142     019B                     	;# 
  1143     019B                     	;# 
  1144     019B                     	;# 
  1145     019B                     	;# 
  1146     019C                     	;# 
  1147     019C                     	;# 
  1148     019D                     	;# 
  1149     019E                     	;# 
  1150     019F                     	;# 
  1151     020D                     	;# 
  1152     0210                     	;# 
  1153     0211                     	;# 
  1154     0212                     	;# 
  1155     0213                     	;# 
  1156     0214                     	;# 
  1157     0215                     	;# 
  1158     0215                     	;# 
  1159     0216                     	;# 
  1160     0217                     	;# 
  1161     0291                     	;# 
  1162     0291                     	;# 
  1163     0292                     	;# 
  1164     0293                     	;# 
  1165     0294                     	;# 
  1166     0295                     	;# 
  1167     0295                     	;# 
  1168     0296                     	;# 
  1169     0298                     	;# 
  1170     0298                     	;# 
  1171     0299                     	;# 
  1172     029A                     	;# 
  1173     029B                     	;# 
  1174     029C                     	;# 
  1175     029C                     	;# 
  1176     029D                     	;# 
  1177     029E                     	;# 
  1178     029F                     	;# 
  1179     0311                     	;# 
  1180     0311                     	;# 
  1181     0312                     	;# 
  1182     0313                     	;# 
  1183     0314                     	;# 
  1184     0315                     	;# 
  1185     0315                     	;# 
  1186     0316                     	;# 
  1187     0318                     	;# 
  1188     0318                     	;# 
  1189     0319                     	;# 
  1190     031A                     	;# 
  1191     031C                     	;# 
  1192     031C                     	;# 
  1193     031D                     	;# 
  1194     031E                     	;# 
  1195     0394                     	;# 
  1196     0395                     	;# 
  1197     0396                     	;# 
  1198     0415                     	;# 
  1199     0416                     	;# 
  1200     0417                     	;# 
  1201     041C                     	;# 
  1202     041D                     	;# 
  1203     041E                     	;# 
  1204     0791                     	;# 
  1205     0792                     	;# 
  1206     0793                     	;# 
  1207     0794                     	;# 
  1208     0795                     	;# 
  1209     0798                     	;# 
  1210     0799                     	;# 
  1211     07A0                     	;# 
  1212     07A1                     	;# 
  1213     07A3                     	;# 
  1214     07A4                     	;# 
  1215     07A6                     	;# 
  1216     07A7                     	;# 
  1217     07A9                     	;# 
  1218     07AA                     	;# 
  1219     0FE4                     	;# 
  1220     0FE5                     	;# 
  1221     0FE6                     	;# 
  1222     0FE7                     	;# 
  1223     0FE8                     	;# 
  1224     0FE9                     	;# 
  1225     0FEA                     	;# 
  1226     0FEB                     	;# 
  1227     0FED                     	;# 
  1228     0FEE                     	;# 
  1229     0FEF                     	;# 
  1230     0000                     	;# 
  1231     0001                     	;# 
  1232     0002                     	;# 
  1233     0003                     	;# 
  1234     0004                     	;# 
  1235     0005                     	;# 
  1236     0006                     	;# 
  1237     0007                     	;# 
  1238     0008                     	;# 
  1239     0009                     	;# 
  1240     000A                     	;# 
  1241     000B                     	;# 
  1242     000C                     	;# 
  1243     000D                     	;# 
  1244     000E                     	;# 
  1245     0010                     	;# 
  1246     0011                     	;# 
  1247     0012                     	;# 
  1248     0013                     	;# 
  1249     0015                     	;# 
  1250     0016                     	;# 
  1251     0016                     	;# 
  1252     0017                     	;# 
  1253     0018                     	;# 
  1254     0019                     	;# 
  1255     001A                     	;# 
  1256     001B                     	;# 
  1257     001C                     	;# 
  1258     001E                     	;# 
  1259     001F                     	;# 
  1260     008C                     	;# 
  1261     008D                     	;# 
  1262     008E                     	;# 
  1263     0090                     	;# 
  1264     0091                     	;# 
  1265     0092                     	;# 
  1266     0093                     	;# 
  1267     0095                     	;# 
  1268     0096                     	;# 
  1269     0097                     	;# 
  1270     0098                     	;# 
  1271     0099                     	;# 
  1272     009A                     	;# 
  1273     009B                     	;# 
  1274     009B                     	;# 
  1275     009C                     	;# 
  1276     009D                     	;# 
  1277     009E                     	;# 
  1278     010C                     	;# 
  1279     010D                     	;# 
  1280     010E                     	;# 
  1281     0110                     	;# 
  1282     0111                     	;# 
  1283     0112                     	;# 
  1284     0113                     	;# 
  1285     0114                     	;# 
  1286     0115                     	;# 
  1287     0116                     	;# 
  1288     0117                     	;# 
  1289     0118                     	;# 
  1290     0119                     	;# 
  1291     011A                     	;# 
  1292     011B                     	;# 
  1293     011D                     	;# 
  1294     018C                     	;# 
  1295     018D                     	;# 
  1296     0191                     	;# 
  1297     0191                     	;# 
  1298     0192                     	;# 
  1299     0193                     	;# 
  1300     0193                     	;# 
  1301     0193                     	;# 
  1302     0194                     	;# 
  1303     0195                     	;# 
  1304     0196                     	;# 
  1305     0199                     	;# 
  1306     019A                     	;# 
  1307     019B                     	;# 
  1308     019B                     	;# 
  1309     019B                     	;# 
  1310     019B                     	;# 
  1311     019C                     	;# 
  1312     019C                     	;# 
  1313     019D                     	;# 
  1314     019E                     	;# 
  1315     019F                     	;# 
  1316     020D                     	;# 
  1317     0210                     	;# 
  1318     0211                     	;# 
  1319     0212                     	;# 
  1320     0213                     	;# 
  1321     0214                     	;# 
  1322     0215                     	;# 
  1323     0215                     	;# 
  1324     0216                     	;# 
  1325     0217                     	;# 
  1326     0291                     	;# 
  1327     0291                     	;# 
  1328     0292                     	;# 
  1329     0293                     	;# 
  1330     0294                     	;# 
  1331     0295                     	;# 
  1332     0295                     	;# 
  1333     0296                     	;# 
  1334     0298                     	;# 
  1335     0298                     	;# 
  1336     0299                     	;# 
  1337     029A                     	;# 
  1338     029B                     	;# 
  1339     029C                     	;# 
  1340     029C                     	;# 
  1341     029D                     	;# 
  1342     029E                     	;# 
  1343     029F                     	;# 
  1344     0311                     	;# 
  1345     0311                     	;# 
  1346     0312                     	;# 
  1347     0313                     	;# 
  1348     0314                     	;# 
  1349     0315                     	;# 
  1350     0315                     	;# 
  1351     0316                     	;# 
  1352     0318                     	;# 
  1353     0318                     	;# 
  1354     0319                     	;# 
  1355     031A                     	;# 
  1356     031C                     	;# 
  1357     031C                     	;# 
  1358     031D                     	;# 
  1359     031E                     	;# 
  1360     0394                     	;# 
  1361     0395                     	;# 
  1362     0396                     	;# 
  1363     0415                     	;# 
  1364     0416                     	;# 
  1365     0417                     	;# 
  1366     041C                     	;# 
  1367     041D                     	;# 
  1368     041E                     	;# 
  1369     0791                     	;# 
  1370     0792                     	;# 
  1371     0793                     	;# 
  1372     0794                     	;# 
  1373     0795                     	;# 
  1374     0798                     	;# 
  1375     0799                     	;# 
  1376     07A0                     	;# 
  1377     07A1                     	;# 
  1378     07A3                     	;# 
  1379     07A4                     	;# 
  1380     07A6                     	;# 
  1381     07A7                     	;# 
  1382     07A9                     	;# 
  1383     07AA                     	;# 
  1384     0FE4                     	;# 
  1385     0FE5                     	;# 
  1386     0FE6                     	;# 
  1387     0FE7                     	;# 
  1388     0FE8                     	;# 
  1389     0FE9                     	;# 
  1390     0FEA                     	;# 
  1391     0FEB                     	;# 
  1392     0FED                     	;# 
  1393     0FEE                     	;# 
  1394     0FEF                     	;# 
  1395     0000                     	;# 
  1396     0001                     	;# 
  1397     0002                     	;# 
  1398     0003                     	;# 
  1399     0004                     	;# 
  1400     0005                     	;# 
  1401     0006                     	;# 
  1402     0007                     	;# 
  1403     0008                     	;# 
  1404     0009                     	;# 
  1405     000A                     	;# 
  1406     000B                     	;# 
  1407     000C                     	;# 
  1408     000D                     	;# 
  1409     000E                     	;# 
  1410     0010                     	;# 
  1411     0011                     	;# 
  1412     0012                     	;# 
  1413     0013                     	;# 
  1414     0015                     	;# 
  1415     0016                     	;# 
  1416     0016                     	;# 
  1417     0017                     	;# 
  1418     0018                     	;# 
  1419     0019                     	;# 
  1420     001A                     	;# 
  1421     001B                     	;# 
  1422     001C                     	;# 
  1423     001E                     	;# 
  1424     001F                     	;# 
  1425     008C                     	;# 
  1426     008D                     	;# 
  1427     008E                     	;# 
  1428     0090                     	;# 
  1429     0091                     	;# 
  1430     0092                     	;# 
  1431     0093                     	;# 
  1432     0095                     	;# 
  1433     0096                     	;# 
  1434     0097                     	;# 
  1435     0098                     	;# 
  1436     0099                     	;# 
  1437     009A                     	;# 
  1438     009B                     	;# 
  1439     009B                     	;# 
  1440     009C                     	;# 
  1441     009D                     	;# 
  1442     009E                     	;# 
  1443     010C                     	;# 
  1444     010D                     	;# 
  1445     010E                     	;# 
  1446     0110                     	;# 
  1447     0111                     	;# 
  1448     0112                     	;# 
  1449     0113                     	;# 
  1450     0114                     	;# 
  1451     0115                     	;# 
  1452     0116                     	;# 
  1453     0117                     	;# 
  1454     0118                     	;# 
  1455     0119                     	;# 
  1456     011A                     	;# 
  1457     011B                     	;# 
  1458     011D                     	;# 
  1459     018C                     	;# 
  1460     018D                     	;# 
  1461     0191                     	;# 
  1462     0191                     	;# 
  1463     0192                     	;# 
  1464     0193                     	;# 
  1465     0193                     	;# 
  1466     0193                     	;# 
  1467     0194                     	;# 
  1468     0195                     	;# 
  1469     0196                     	;# 
  1470     0199                     	;# 
  1471     019A                     	;# 
  1472     019B                     	;# 
  1473     019B                     	;# 
  1474     019B                     	;# 
  1475     019B                     	;# 
  1476     019C                     	;# 
  1477     019C                     	;# 
  1478     019D                     	;# 
  1479     019E                     	;# 
  1480     019F                     	;# 
  1481     020D                     	;# 
  1482     0210                     	;# 
  1483     0211                     	;# 
  1484     0212                     	;# 
  1485     0213                     	;# 
  1486     0214                     	;# 
  1487     0215                     	;# 
  1488     0215                     	;# 
  1489     0216                     	;# 
  1490     0217                     	;# 
  1491     0291                     	;# 
  1492     0291                     	;# 
  1493     0292                     	;# 
  1494     0293                     	;# 
  1495     0294                     	;# 
  1496     0295                     	;# 
  1497     0295                     	;# 
  1498     0296                     	;# 
  1499     0298                     	;# 
  1500     0298                     	;# 
  1501     0299                     	;# 
  1502     029A                     	;# 
  1503     029B                     	;# 
  1504     029C                     	;# 
  1505     029C                     	;# 
  1506     029D                     	;# 
  1507     029E                     	;# 
  1508     029F                     	;# 
  1509     0311                     	;# 
  1510     0311                     	;# 
  1511     0312                     	;# 
  1512     0313                     	;# 
  1513     0314                     	;# 
  1514     0315                     	;# 
  1515     0315                     	;# 
  1516     0316                     	;# 
  1517     0318                     	;# 
  1518     0318                     	;# 
  1519     0319                     	;# 
  1520     031A                     	;# 
  1521     031C                     	;# 
  1522     031C                     	;# 
  1523     031D                     	;# 
  1524     031E                     	;# 
  1525     0394                     	;# 
  1526     0395                     	;# 
  1527     0396                     	;# 
  1528     0415                     	;# 
  1529     0416                     	;# 
  1530     0417                     	;# 
  1531     041C                     	;# 
  1532     041D                     	;# 
  1533     041E                     	;# 
  1534     0791                     	;# 
  1535     0792                     	;# 
  1536     0793                     	;# 
  1537     0794                     	;# 
  1538     0795                     	;# 
  1539     0798                     	;# 
  1540     0799                     	;# 
  1541     07A0                     	;# 
  1542     07A1                     	;# 
  1543     07A3                     	;# 
  1544     07A4                     	;# 
  1545     07A6                     	;# 
  1546     07A7                     	;# 
  1547     07A9                     	;# 
  1548     07AA                     	;# 
  1549     0FE4                     	;# 
  1550     0FE5                     	;# 
  1551     0FE6                     	;# 
  1552     0FE7                     	;# 
  1553     0FE8                     	;# 
  1554     0FE9                     	;# 
  1555     0FEA                     	;# 
  1556     0FEB                     	;# 
  1557     0FED                     	;# 
  1558     0FEE                     	;# 
  1559     0FEF                     	;# 
  1560     0000                     	;# 
  1561     0001                     	;# 
  1562     0002                     	;# 
  1563     0003                     	;# 
  1564     0004                     	;# 
  1565     0005                     	;# 
  1566     0006                     	;# 
  1567     0007                     	;# 
  1568     0008                     	;# 
  1569     0009                     	;# 
  1570     000A                     	;# 
  1571     000B                     	;# 
  1572     000C                     	;# 
  1573     000D                     	;# 
  1574     000E                     	;# 
  1575     0010                     	;# 
  1576     0011                     	;# 
  1577     0012                     	;# 
  1578     0013                     	;# 
  1579     0015                     	;# 
  1580     0016                     	;# 
  1581     0016                     	;# 
  1582     0017                     	;# 
  1583     0018                     	;# 
  1584     0019                     	;# 
  1585     001A                     	;# 
  1586     001B                     	;# 
  1587     001C                     	;# 
  1588     001E                     	;# 
  1589     001F                     	;# 
  1590     008C                     	;# 
  1591     008D                     	;# 
  1592     008E                     	;# 
  1593     0090                     	;# 
  1594     0091                     	;# 
  1595     0092                     	;# 
  1596     0093                     	;# 
  1597     0095                     	;# 
  1598     0096                     	;# 
  1599     0097                     	;# 
  1600     0098                     	;# 
  1601     0099                     	;# 
  1602     009A                     	;# 
  1603     009B                     	;# 
  1604     009B                     	;# 
  1605     009C                     	;# 
  1606     009D                     	;# 
  1607     009E                     	;# 
  1608     010C                     	;# 
  1609     010D                     	;# 
  1610     010E                     	;# 
  1611     0110                     	;# 
  1612     0111                     	;# 
  1613     0112                     	;# 
  1614     0113                     	;# 
  1615     0114                     	;# 
  1616     0115                     	;# 
  1617     0116                     	;# 
  1618     0117                     	;# 
  1619     0118                     	;# 
  1620     0119                     	;# 
  1621     011A                     	;# 
  1622     011B                     	;# 
  1623     011D                     	;# 
  1624     018C                     	;# 
  1625     018D                     	;# 
  1626     0191                     	;# 
  1627     0191                     	;# 
  1628     0192                     	;# 
  1629     0193                     	;# 
  1630     0193                     	;# 
  1631     0193                     	;# 
  1632     0194                     	;# 
  1633     0195                     	;# 
  1634     0196                     	;# 
  1635     0199                     	;# 
  1636     019A                     	;# 
  1637     019B                     	;# 
  1638     019B                     	;# 
  1639     019B                     	;# 
  1640     019B                     	;# 
  1641     019C                     	;# 
  1642     019C                     	;# 
  1643     019D                     	;# 
  1644     019E                     	;# 
  1645     019F                     	;# 
  1646     020D                     	;# 
  1647     0210                     	;# 
  1648     0211                     	;# 
  1649     0212                     	;# 
  1650     0213                     	;# 
  1651     0214                     	;# 
  1652     0215                     	;# 
  1653     0215                     	;# 
  1654     0216                     	;# 
  1655     0217                     	;# 
  1656     0291                     	;# 
  1657     0291                     	;# 
  1658     0292                     	;# 
  1659     0293                     	;# 
  1660     0294                     	;# 
  1661     0295                     	;# 
  1662     0295                     	;# 
  1663     0296                     	;# 
  1664     0298                     	;# 
  1665     0298                     	;# 
  1666     0299                     	;# 
  1667     029A                     	;# 
  1668     029B                     	;# 
  1669     029C                     	;# 
  1670     029C                     	;# 
  1671     029D                     	;# 
  1672     029E                     	;# 
  1673     029F                     	;# 
  1674     0311                     	;# 
  1675     0311                     	;# 
  1676     0312                     	;# 
  1677     0313                     	;# 
  1678     0314                     	;# 
  1679     0315                     	;# 
  1680     0315                     	;# 
  1681     0316                     	;# 
  1682     0318                     	;# 
  1683     0318                     	;# 
  1684     0319                     	;# 
  1685     031A                     	;# 
  1686     031C                     	;# 
  1687     031C                     	;# 
  1688     031D                     	;# 
  1689     031E                     	;# 
  1690     0394                     	;# 
  1691     0395                     	;# 
  1692     0396                     	;# 
  1693     0415                     	;# 
  1694     0416                     	;# 
  1695     0417                     	;# 
  1696     041C                     	;# 
  1697     041D                     	;# 
  1698     041E                     	;# 
  1699     0791                     	;# 
  1700     0792                     	;# 
  1701     0793                     	;# 
  1702     0794                     	;# 
  1703     0795                     	;# 
  1704     0798                     	;# 
  1705     0799                     	;# 
  1706     07A0                     	;# 
  1707     07A1                     	;# 
  1708     07A3                     	;# 
  1709     07A4                     	;# 
  1710     07A6                     	;# 
  1711     07A7                     	;# 
  1712     07A9                     	;# 
  1713     07AA                     	;# 
  1714     0FE4                     	;# 
  1715     0FE5                     	;# 
  1716     0FE6                     	;# 
  1717     0FE7                     	;# 
  1718     0FE8                     	;# 
  1719     0FE9                     	;# 
  1720     0FEA                     	;# 
  1721     0FEB                     	;# 
  1722     0FED                     	;# 
  1723     0FEE                     	;# 
  1724     0FEF                     	;# 
  1725                           
  1726                           	psect	idataBANK1
  1727     0357                     __pidataBANK1:
  1728                           
  1729                           ;initializer for _CS
  1730     0357  344C               	retlw	76
  1731     0358  349F               	retlw	159
  1732     0359  34ED               	retlw	237
  1733     035A  343E               	retlw	62
  1734     035B  3466               	retlw	102
  1735     035C  34B5               	retlw	181
  1736     035D  34C7               	retlw	199
  1737     035E  3414               	retlw	20
  1738     035F  3459               	retlw	89
  1739     0360  348A               	retlw	138
  1740     0361  34F8               	retlw	248
  1741     0362  342B               	retlw	43
  1742     0363  3473               	retlw	115
  1743     0364  34A0               	retlw	160
  1744     0365  34D2               	retlw	210
  1745     0366  3401               	retlw	1
  1746     0367  348E               	retlw	142
  1747     0368  345D               	retlw	93
  1748     0369  342F               	retlw	47
  1749     036A  34FC               	retlw	252
  1750     036B  34A4               	retlw	164
  1751     036C  3477               	retlw	119
  1752     036D  3405               	retlw	5
  1753     036E  34D6               	retlw	214
  1754     036F  349B               	retlw	155
  1755     0370  3448               	retlw	72
  1756     0371  343A               	retlw	58
  1757     0372  34E9               	retlw	233
  1758     0373  34B1               	retlw	177
  1759     0374  3462               	retlw	98
  1760     0375  3410               	retlw	16
  1761     0376  34C3               	retlw	195
  1762     0377  342D               	retlw	45
  1763     0378  34FE               	retlw	254
  1764     0379  348C               	retlw	140
  1765     037A  345F               	retlw	95
  1766     037B  3407               	retlw	7
  1767     037C  34D4               	retlw	212
  1768     037D  34A6               	retlw	166
  1769     037E  3475               	retlw	117
  1770     037F  3438               	retlw	56
  1771     0380  34EB               	retlw	235
  1772     0381  3499               	retlw	153
  1773     0382  344A               	retlw	74
  1774     0383  3412               	retlw	18
  1775     0384  34C1               	retlw	193
  1776     0385  34B3               	retlw	179
  1777     0386  3460               	retlw	96
  1778     0387  34EF               	retlw	239
  1779     0388  343C               	retlw	60
  1780     0389  344E               	retlw	78
  1781     038A  349D               	retlw	157
  1782     038B  34C5               	retlw	197
  1783     038C  3416               	retlw	22
  1784     038D  3464               	retlw	100
  1785     038E  34B7               	retlw	183
  1786     038F  34FA               	retlw	250
  1787     0390  3429               	retlw	41
  1788     0391  345B               	retlw	91
  1789     0392  3488               	retlw	136
  1790     0393  34D0               	retlw	208
  1791     0394  3403               	retlw	3
  1792     0395  3471               	retlw	113
  1793     0396  34A2               	retlw	162
  1794     000D                     _PORTBbits	set	13
  1795     001C                     _T2CONbits	set	28
  1796     001C                     _T2CON	set	28
  1797     001A                     _TMR2	set	26
  1798     001B                     _PR2	set	27
  1799     0015                     _TMR0	set	21
  1800     0019                     _T1GCONbits	set	25
  1801     0018                     _T1CONbits	set	24
  1802     0018                     _T1CON	set	24
  1803     0011                     _PIR1bits	set	17
  1804     0016                     _TMR1L	set	22
  1805     0017                     _TMR1H	set	23
  1806     0019                     _T1GCON	set	25
  1807     0013                     _PIR3bits	set	19
  1808     000B                     _INTCONbits	set	11
  1809     0095                     _OPTION_REG	set	149
  1810     0095                     _OPTION_REGbits	set	149
  1811     008E                     _TRISC	set	142
  1812     008D                     _TRISB	set	141
  1813     008C                     _TRISA	set	140
  1814     0090                     _TRISE	set	144
  1815     0093                     _PIE3bits	set	147
  1816     0097                     _WDTCON	set	151
  1817     0098                     _OSCTUNE	set	152
  1818     0099                     _OSCCON	set	153
  1819     04D6                     _PLLR	set	1238
  1820     010C                     _LATAbits	set	268
  1821     010D                     _LATBbits	set	269
  1822     011D                     _APFCON	set	285
  1823     010E                     _LATC	set	270
  1824     010D                     _LATB	set	269
  1825     010C                     _LATA	set	268
  1826     0110                     _LATE	set	272
  1827     0116                     _BORCON	set	278
  1828     018C                     _ANSELA	set	396
  1829     018D                     _ANSELB	set	397
  1830     020D                     _WPUB	set	525
  1831     0210                     _WPUE	set	528
  1832     029E                     _CCPTMRS0bits	set	670
  1833     0291                     _CCPR1L	set	657
  1834     0292                     _CCPR1H	set	658
  1835     0296                     _PSTR1CON	set	662
  1836     0294                     _PWM1CON	set	660
  1837     0295                     _ECCP1AS	set	661
  1838     0293                     _CCP1CON	set	659
  1839     0311                     _CCPR3L	set	785
  1840     0312                     _CCPR3H	set	786
  1841     0313                     _CCP3CON	set	787
  1842                           
  1843                           	psect	cinit
  1844     0028                     start_initialization:	
  1845                           ; #config settings
  1846                           
  1847     0028                     __initialization:
  1848                           
  1849                           ; Initialize objects allocated to BANK1
  1850     0028  3057               	movlw	low __pidataBANK1
  1851     0029  0084               	movwf	4
  1852     002A  3083               	movlw	(high __pidataBANK1)| (0+128)
  1853     002B  0085               	movwf	5
  1854     002C  30A0               	movlw	low __pdataBANK1
  1855     002D  0086               	movwf	6
  1856     002E  3000               	movlw	high __pdataBANK1
  1857     002F  0087               	movwf	7
  1858     0030  3040               	movlw	64
  1859     0031  3184  24C4  3180   	fcall	init_ram
  1860                           
  1861                           ; Clear objects allocated to COMMON
  1862     0034  01F0               	clrf	__pbssCOMMON& (0+127)
  1863     0035  01F1               	clrf	(__pbssCOMMON+1)& (0+127)
  1864     0036  01F2               	clrf	(__pbssCOMMON+2)& (0+127)
  1865     0037  01F3               	clrf	(__pbssCOMMON+3)& (0+127)
  1866     0038  01F4               	clrf	(__pbssCOMMON+4)& (0+127)
  1867     0039  01F5               	clrf	(__pbssCOMMON+5)& (0+127)
  1868                           
  1869                           ; Clear objects allocated to BANK0
  1870     003A  3020               	movlw	low __pbssBANK0
  1871     003B  0084               	movwf	4
  1872     003C  3000               	movlw	high __pbssBANK0
  1873     003D  0085               	movwf	5
  1874     003E  3025               	movlw	37
  1875     003F  3184  24CA  3180   	fcall	clear_ram0
  1876     0042                     end_of_initialization:	
  1877                           ;End of C runtime variable initialization code
  1878                           
  1879     0042                     __end_of__initialization:
  1880     0042  107E               	bcf	int$flags,0	;clear compiler interrupt flag (level 1)
  1881     0043  0020               	movlb	0
  1882     0044  3182  2AD5         	ljmp	_main	;jump to C main() function
  1883                           
  1884                           	psect	bssCOMMON
  1885     0070                     __pbssCOMMON:
  1886     0070                     ECCP3_CallBack@falling_edge_time:
  1887     0070                     	ds	2
  1888     0072                     ECCP3_CallBack@HI_us:
  1889     0072                     	ds	1
  1890     0073                     _D2:
  1891     0073                     	ds	1
  1892     0074                     _rx_data:
  1893     0074                     	ds	1
  1894     0075                     _timer0ReloadVal:
  1895     0075                     	ds	1
  1896                           
  1897                           	psect	bssBANK0
  1898     0020                     __pbssBANK0:
  1899     0020                     _data_buf:
  1900     0020                     	ds	11
  1901     002B                     ECCP3_CallBack@rising_edge_time:
  1902     002B                     	ds	2
  1903     002D                     ECCP3_CallBack@pluse_width_HI:
  1904     002D                     	ds	2
  1905     002F                     ECCP3_CallBack@pluse_width_LO:
  1906     002F                     	ds	2
  1907     0031                     TMR0_ISR@CountCallBack:
  1908     0031                     	ds	2
  1909     0033                     _TMR0_InterruptHandler:
  1910     0033                     	ds	2
  1911     0035                     _timer1ReloadVal:
  1912     0035                     	ds	2
  1913     0037                     ECCP3_CallBack@data_cnt:
  1914     0037                     	ds	1
  1915     0038                     ECCP3_CallBack@fHead:
  1916     0038                     	ds	1
  1917     0039                     ECCP3_CallBack@rise_edge_flag:
  1918     0039                     	ds	1
  1919     003A                     ECCP3_CallBack@diff_us:
  1920     003A                     	ds	1
  1921     003B                     ECCP3_CallBack@LO_us:
  1922     003B                     	ds	1
  1923     003C                     _fLampSide:
  1924     003C                     	ds	1
  1925     003D                     _fException2:
  1926     003D                     	ds	1
  1927     003E                     _fException:
  1928     003E                     	ds	1
  1929     003F                     _T10MS_CNT:
  1930     003F                     	ds	1
  1931     0040                     _csFlag:
  1932     0040                     	ds	1
  1933     0041                     _D3:
  1934     0041                     	ds	1
  1935     0042                     _step:
  1936     0042                     	ds	1
  1937     0043                     _fFrame_OK:
  1938     0043                     	ds	1
  1939     0044                     _data_1byte_OK:
  1940     0044                     	ds	1
  1941                           
  1942                           	psect	dataBANK1
  1943     00A0                     __pdataBANK1:
  1944     00A0                     _CS:
  1945     00A0                     	ds	64
  1946                           
  1947                           	psect	inittext
  1948     04C4                     init_ram:
  1949     04C4  00FE               	movwf	btemp
  1950     04C5                     initloop:
  1951     04C5  0012               	moviw fsr0++
  1952     04C6  001E               	movwi fsr1++
  1953     04C7  0BFE               	decfsz	btemp,f
  1954     04C8  2CC5               	goto	initloop
  1955     04C9  3400               	retlw	0
  1956                           
  1957                           	psect	clrtext
  1958     04CA                     clear_ram0:	
  1959                           ;	Called with FSR0 containing the base address, and
  1960                           ;	WREG with the size to clear
  1961                           
  1962     04CA  0064               	clrwdt	;clear the watchdog before getting into this loop
  1963     04CB                     clrloop0:
  1964     04CB  0180               	clrf	0	;clear RAM location pointed to by FSR
  1965     04CC  3101               	addfsr 0,1
  1966     04CD  0B89               	decfsz	9,f	;Have we reached the end of clearing yet?
  1967     04CE  2CCB               	goto	clrloop0	;have we reached the end yet?
  1968     04CF  3400               	retlw	0	;all done for this memory range, return
  1969                           
  1970                           	psect	cstackCOMMON
  1971     0076                     __pcstackCOMMON:
  1972     0076                     ?_PIN_MANAGER_Initialize:
  1973     0076                     ?_OSCILLATOR_Initialize:	
  1974                           ; 1 bytes @ 0x0
  1975                           
  1976     0076                     ?_WDT_Initialize:	
  1977                           ; 1 bytes @ 0x0
  1978                           
  1979     0076                     ?_EPWM1_Initialize:	
  1980                           ; 1 bytes @ 0x0
  1981                           
  1982     0076                     ?_ECCP3_Initialize:	
  1983                           ; 1 bytes @ 0x0
  1984                           
  1985     0076                     ?_TMR2_Initialize:	
  1986                           ; 1 bytes @ 0x0
  1987                           
  1988     0076                     ?_TMR1_Initialize:	
  1989                           ; 1 bytes @ 0x0
  1990                           
  1991     0076                     ?_TMR0_Initialize:	
  1992                           ; 1 bytes @ 0x0
  1993                           
  1994     0076                     ?_TMR0_ISR:	
  1995                           ; 1 bytes @ 0x0
  1996                           
  1997     0076                     ?_ECCP3_CaptureISR:	
  1998                           ; 1 bytes @ 0x0
  1999                           
  2000     0076                     ?_TMR0_DefaultInterruptHandler:	
  2001                           ; 1 bytes @ 0x0
  2002                           
  2003     0076                     ??_TMR0_DefaultInterruptHandler:	
  2004                           ; 1 bytes @ 0x0
  2005                           
  2006     0076                     ?_TMR0_CallBack:	
  2007                           ; 1 bytes @ 0x0
  2008                           
  2009     0076                     ?_ECCP3_CallBack:	
  2010                           ; 1 bytes @ 0x0
  2011                           
  2012     0076                     ?_POS_ON:	
  2013                           ; 1 bytes @ 0x0
  2014                           
  2015     0076                     ?_SYSTEM_Initialize:	
  2016                           ; 1 bytes @ 0x0
  2017                           
  2018     0076                     ?_INTERRUPT_InterruptManager:	
  2019                           ; 1 bytes @ 0x0
  2020                           
  2021     0076                     ?_LoBeam_ON:	
  2022                           ; 1 bytes @ 0x0
  2023                           
  2024     0076                     ?_Exception_handling:	
  2025                           ; 1 bytes @ 0x0
  2026                           
  2027     0076                     ?_DRL_ON:	
  2028                           ; 1 bytes @ 0x0
  2029                           
  2030     0076                     ?_LED_output:	
  2031                           ; 1 bytes @ 0x0
  2032                           
  2033     0076                     ?_check_input:	
  2034                           ; 1 bytes @ 0x0
  2035                           
  2036     0076                     ?_getFrameData:	
  2037                           ; 1 bytes @ 0x0
  2038                           
  2039     0076                     ?_TMR0_EvenHandler:	
  2040                           ; 1 bytes @ 0x0
  2041                           
  2042     0076                     ??_TMR0_EvenHandler:	
  2043                           ; 1 bytes @ 0x0
  2044                           
  2045     0076                     ?_main:	
  2046                           ; 1 bytes @ 0x0
  2047                           
  2048     0076                     ECCP3_CallBack@capturedValue:	
  2049                           ; 2 bytes @ 0x0
  2050                           
  2051                           
  2052                           ; 2 bytes @ 0x0
  2053     0076                     	ds	1
  2054     0077                     ??_TMR0_ISR:
  2055     0077                     ??_TMR0_CallBack:	
  2056                           ; 1 bytes @ 0x1
  2057                           
  2058                           
  2059                           ; 1 bytes @ 0x1
  2060     0077                     	ds	1
  2061     0078                     ??_ECCP3_CallBack:
  2062                           
  2063                           ; 1 bytes @ 0x2
  2064     0078                     	ds	2
  2065     007A                     ??_ECCP3_CaptureISR:
  2066     007A                     ECCP3_CaptureISR@module:	
  2067                           ; 1 bytes @ 0x4
  2068                           
  2069                           
  2070                           ; 2 bytes @ 0x4
  2071     007A                     	ds	2
  2072     007C                     ??_INTERRUPT_InterruptManager:
  2073                           
  2074                           	psect	cstackBANK0
  2075     0045                     __pcstackBANK0:	
  2076                           ; 1 bytes @ 0x6
  2077                           
  2078     0045                     ??_PIN_MANAGER_Initialize:
  2079     0045                     ??_OSCILLATOR_Initialize:	
  2080                           ; 1 bytes @ 0x0
  2081                           
  2082     0045                     ??_WDT_Initialize:	
  2083                           ; 1 bytes @ 0x0
  2084                           
  2085     0045                     ??_EPWM1_Initialize:	
  2086                           ; 1 bytes @ 0x0
  2087                           
  2088     0045                     ??_ECCP3_Initialize:	
  2089                           ; 1 bytes @ 0x0
  2090                           
  2091     0045                     ??_TMR2_Initialize:	
  2092                           ; 1 bytes @ 0x0
  2093                           
  2094     0045                     ??_TMR1_Initialize:	
  2095                           ; 1 bytes @ 0x0
  2096                           
  2097     0045                     ?_TMR0_SetInterruptHandler:	
  2098                           ; 1 bytes @ 0x0
  2099                           
  2100     0045                     ??_POS_ON:	
  2101                           ; 1 bytes @ 0x0
  2102                           
  2103     0045                     ??_LoBeam_ON:	
  2104                           ; 1 bytes @ 0x0
  2105                           
  2106     0045                     ??_Exception_handling:	
  2107                           ; 1 bytes @ 0x0
  2108                           
  2109     0045                     ??_DRL_ON:	
  2110                           ; 1 bytes @ 0x0
  2111                           
  2112     0045                     ??_LED_output:	
  2113                           ; 1 bytes @ 0x0
  2114                           
  2115     0045                     ??_check_input:	
  2116                           ; 1 bytes @ 0x0
  2117                           
  2118     0045                     ??_getFrameData:	
  2119                           ; 1 bytes @ 0x0
  2120                           
  2121     0045                     TMR0_SetInterruptHandler@InterruptHandler:	
  2122                           ; 1 bytes @ 0x0
  2123                           
  2124                           
  2125                           ; 2 bytes @ 0x0
  2126     0045                     	ds	1
  2127     0046                     LED_output@crc8:
  2128                           
  2129                           ; 1 bytes @ 0x1
  2130     0046                     	ds	1
  2131     0047                     ??_TMR0_Initialize:
  2132     0047                     ??_TMR0_SetInterruptHandler:	
  2133                           ; 1 bytes @ 0x2
  2134                           
  2135     0047                     ??_SYSTEM_Initialize:	
  2136                           ; 1 bytes @ 0x2
  2137                           
  2138     0047                     LED_output@i:	
  2139                           ; 1 bytes @ 0x2
  2140                           
  2141                           
  2142                           ; 1 bytes @ 0x2
  2143     0047                     	ds	1
  2144     0048                     ??_main:
  2145                           
  2146                           	psect	maintext
  2147     02D5                     __pmaintext:	
  2148                           ; 1 bytes @ 0x3
  2149 ;;
  2150 ;;Main: autosize = 0, tempsize = 0, incstack = 0, save=0
  2151 ;;
  2152 ;; *************** function _main *****************
  2153 ;; Defined at:
  2154 ;;		line 776 in file "main.c"
  2155 ;; Parameters:    Size  Location     Type
  2156 ;;		None
  2157 ;; Auto vars:     Size  Location     Type
  2158 ;;		None
  2159 ;; Return value:  Size  Location     Type
  2160 ;;                  2  531[None  ] int 
  2161 ;; Registers used:
  2162 ;;		wreg, fsr0l, fsr0h, fsr1l, fsr1h, status,2, status,0, pclath, cstack
  2163 ;; Tracked objects:
  2164 ;;		On entry : B1F/0
  2165 ;;		On exit  : 0/0
  2166 ;;		Unchanged: 0/0
  2167 ;; Data sizes:     COMMON   BANK0   BANK1   BANK2   BANK3   BANK4   BANK5   BANK6
  2168 ;;      Params:         0       0       0       0       0       0       0       0
  2169 ;;      Locals:         0       0       0       0       0       0       0       0
  2170 ;;      Temps:          0       0       0       0       0       0       0       0
  2171 ;;      Totals:         0       0       0       0       0       0       0       0
  2172 ;;Total ram usage:        0 bytes
  2173 ;; Hardware stack levels required when called: 7
  2174 ;; This function calls:
  2175 ;;		_Exception_handling
  2176 ;;		_LED_output
  2177 ;;		_LoBeam_ON
  2178 ;;		_POS_ON
  2179 ;;		_SYSTEM_Initialize
  2180 ;;		_TMR0_SetInterruptHandler
  2181 ;;		_check_input
  2182 ;;		_getFrameData
  2183 ;; This function is called by:
  2184 ;;		Startup code after reset
  2185 ;; This function uses a non-reentrant model
  2186 ;;
  2187                           
  2188     02D5                     _main:	
  2189                           ;psect for function _main
  2190                           
  2191     02D5                     l2597:	
  2192                           ;incstack = 0
  2193                           ; Regs used in _main: [wreg-fsr1h+status,2+status,0+pclath+cstack]
  2194                           
  2195                           
  2196                           ;main.c: 778:   SYSTEM_Initialize();
  2197     02D5  3184  241C  3182   	fcall	_SYSTEM_Initialize
  2198                           
  2199                           ;main.c: 779:   TMR0_SetInterruptHandler(TMR0_EvenHandler);
  2200     02D8  3061               	movlw	low _TMR0_EvenHandler
  2201     02D9  0020               	movlb	0	; select bank0
  2202     02DA  00C5               	movwf	TMR0_SetInterruptHandler@InterruptHandler
  2203     02DB  3004               	movlw	high _TMR0_EvenHandler
  2204     02DC  00C6               	movwf	TMR0_SetInterruptHandler@InterruptHandler+1
  2205     02DD  3184  24D0  3182   	fcall	_TMR0_SetInterruptHandler
  2206     02E0                     l2599:
  2207     02E0  0022               	movlb	2	; select bank2
  2208     02E1  100D               	bcf	13,0	;volatile
  2209     02E2                     l2601:
  2210                           
  2211                           ;main.c: 781:   CCPR1L = 0;
  2212     02E2  0025               	movlb	5	; select bank5
  2213     02E3  0191               	clrf	17	;volatile
  2214     02E4                     l2603:
  2215                           
  2216                           ;main.c: 787:   (INTCONbits.GIE = 1);
  2217     02E4  178B               	bsf	11,7	;volatile
  2218     02E5                     l2605:
  2219                           
  2220                           ;main.c: 790:   (INTCONbits.PEIE = 1);
  2221     02E5  170B               	bsf	11,6	;volatile
  2222     02E6                     l2607:
  2223                           
  2224                           ;main.c: 793:   if (PORTBbits.RB3 == 0)
  2225     02E6  0020               	movlb	0	; select bank0
  2226     02E7  198D               	btfsc	13,3	;volatile
  2227     02E8  2AEA               	goto	u3251
  2228     02E9  2AEB               	goto	u3250
  2229     02EA                     u3251:
  2230     02EA  2AED               	goto	l534
  2231     02EB                     u3250:
  2232     02EB                     l2609:
  2233                           
  2234                           ;main.c: 794:     fLampSide = 0;
  2235     02EB  01BC               	clrf	_fLampSide
  2236     02EC  2AEF               	goto	l2611
  2237     02ED                     l534:	
  2238                           ;main.c: 795:   else
  2239                           
  2240                           
  2241                           ;main.c: 796:     fLampSide = 1;
  2242     02ED  01BC               	clrf	_fLampSide
  2243     02EE  0ABC               	incf	_fLampSide,f
  2244     02EF                     l2611:
  2245                           
  2246                           ;main.c: 799:     getFrameData();
  2247     02EF  3182  2264  3182   	fcall	_getFrameData
  2248     02F2                     l2613:
  2249                           
  2250                           ;main.c: 800:     check_input();
  2251     02F2  3183  23CD  3182   	fcall	_check_input
  2252     02F5                     l2615:
  2253                           
  2254                           ;main.c: 802:     Exception_handling();
  2255     02F5  3183  2397  3182   	fcall	_Exception_handling
  2256     02F8                     l2617:
  2257                           
  2258                           ;main.c: 803:     if (fException2 == 0) {
  2259     02F8  0020               	movlb	0	; select bank0
  2260     02F9  083D               	movf	_fException2,w
  2261     02FA  1D03               	btfss	3,2
  2262     02FB  2AFD               	goto	u3261
  2263     02FC  2AFE               	goto	u3260
  2264     02FD                     u3261:
  2265     02FD  2B09               	goto	l2625
  2266     02FE                     u3260:
  2267     02FE                     l2619:
  2268                           
  2269                           ;main.c: 804:       if (fException == 1) {
  2270     02FE  033E               	decf	_fException,w
  2271     02FF  1D03               	btfss	3,2
  2272     0300  2B02               	goto	u3271
  2273     0301  2B03               	goto	u3270
  2274     0302                     u3271:
  2275     0302  2B05               	goto	l2623
  2276     0303                     u3270:
  2277     0303                     l2621:
  2278                           
  2279                           ;main.c: 806:         fException = 0;
  2280     0303  01BE               	clrf	_fException
  2281                           
  2282                           ;main.c: 807:       } else
  2283     0304  2AEF               	goto	l2611
  2284     0305                     l2623:
  2285                           
  2286                           ;main.c: 808:         LED_output();
  2287     0305  3180  2046  3182   	fcall	_LED_output
  2288     0308  2AEF               	goto	l2611
  2289     0309                     l2625:
  2290                           
  2291                           ;main.c: 811:       fException2 = 0;
  2292     0309  01BD               	clrf	_fException2
  2293     030A                     l2627:
  2294     030A  0022               	movlb	2	; select bank2
  2295     030B  148C               	bsf	12,1	;volatile
  2296     030C                     l2629:
  2297     030C  100C               	bcf	12,0	;volatile
  2298     030D                     l2631:
  2299                           
  2300                           ;main.c: 814:       LoBeam_ON();
  2301     030D  3184  24D6  3182   	fcall	_LoBeam_ON
  2302     0310                     l2633:
  2303                           
  2304                           ;main.c: 815:       POS_ON();
  2305     0310  3184  24DC  3182   	fcall	_POS_ON
  2306     0313  2AEF               	goto	l2611
  2307     0314  3180  2826         	ljmp	start
  2308     0316                     __end_of_main:
  2309                           
  2310                           	psect	text1
  2311     0264                     __ptext1:	
  2312 ;; *************** function _getFrameData *****************
  2313 ;; Defined at:
  2314 ;;		line 619 in file "main.c"
  2315 ;; Parameters:    Size  Location     Type
  2316 ;;		None
  2317 ;; Auto vars:     Size  Location     Type
  2318 ;;		None
  2319 ;; Return value:  Size  Location     Type
  2320 ;;                  1    wreg      void 
  2321 ;; Registers used:
  2322 ;;		wreg, fsr0l, fsr0h, status,2, status,0
  2323 ;; Tracked objects:
  2324 ;;		On entry : 0/0
  2325 ;;		On exit  : 0/0
  2326 ;;		Unchanged: 0/0
  2327 ;; Data sizes:     COMMON   BANK0   BANK1   BANK2   BANK3   BANK4   BANK5   BANK6
  2328 ;;      Params:         0       0       0       0       0       0       0       0
  2329 ;;      Locals:         0       0       0       0       0       0       0       0
  2330 ;;      Temps:          0       0       0       0       0       0       0       0
  2331 ;;      Totals:         0       0       0       0       0       0       0       0
  2332 ;;Total ram usage:        0 bytes
  2333 ;; Hardware stack levels used: 1
  2334 ;; Hardware stack levels required when called: 4
  2335 ;; This function calls:
  2336 ;;		Nothing
  2337 ;; This function is called by:
  2338 ;;		_main
  2339 ;; This function uses a non-reentrant model
  2340 ;;
  2341                           
  2342     0264                     _getFrameData:	
  2343                           ;psect for function _getFrameData
  2344                           
  2345     0264                     l2551:	
  2346                           ;incstack = 0
  2347                           ; Regs used in _getFrameData: [wreg-fsr0h+status,2+status,0]
  2348                           
  2349                           
  2350                           ;main.c: 620:   if (data_1byte_OK == 1) {
  2351     0264  0020               	movlb	0	; select bank0
  2352     0265  0344               	decf	_data_1byte_OK,w	;volatile
  2353     0266  1D03               	btfss	3,2
  2354     0267  2A69               	goto	u3221
  2355     0268  2A6A               	goto	u3220
  2356     0269                     u3221:
  2357     0269  2AD4               	goto	l482
  2358     026A                     u3220:
  2359     026A                     l2553:
  2360                           
  2361                           ;main.c: 621:     data_1byte_OK = 0;
  2362     026A  01C4               	clrf	_data_1byte_OK	;volatile
  2363                           
  2364                           ;main.c: 624:     switch (step) {
  2365     026B  2AB1               	goto	l2595
  2366     026C                     l2555:
  2367                           
  2368                           ;main.c: 626:       if (rx_data == 0xC8) {
  2369     026C  30C8               	movlw	200
  2370     026D  0674               	xorwf	_rx_data,w
  2371     026E  1D03               	btfss	3,2
  2372     026F  2A71               	goto	u3231
  2373     0270  2A72               	goto	u3230
  2374     0271                     u3231:
  2375     0271  2A77               	goto	l2561
  2376     0272                     u3230:
  2377     0272                     l2557:
  2378                           
  2379                           ;main.c: 627:         step = 1;
  2380     0272  01C2               	clrf	_step
  2381     0273  0AC2               	incf	_step,f
  2382     0274                     l2559:
  2383                           
  2384                           ;main.c: 628:         data_buf[0] = rx_data;
  2385     0274  0874               	movf	_rx_data,w
  2386     0275  00A0               	movwf	_data_buf
  2387                           
  2388                           ;main.c: 629:       } else {
  2389     0276  2AD4               	goto	l482
  2390     0277                     l2561:
  2391                           
  2392                           ;main.c: 630:         step = 0;
  2393     0277  01C2               	clrf	_step
  2394     0278  2AD4               	goto	l482
  2395     0279                     l2563:
  2396                           
  2397                           ;main.c: 634:       if (rx_data == 0x8B) {
  2398     0279  308B               	movlw	139
  2399     027A  0674               	xorwf	_rx_data,w
  2400     027B  1D03               	btfss	3,2
  2401     027C  2A7E               	goto	u3241
  2402     027D  2A7F               	goto	u3240
  2403     027E                     u3241:
  2404     027E  2A77               	goto	l2561
  2405     027F                     u3240:
  2406     027F                     l2565:
  2407                           
  2408                           ;main.c: 635:         data_buf[1] = rx_data;
  2409     027F  0874               	movf	_rx_data,w
  2410     0280  00A1               	movwf	_data_buf+1
  2411                           
  2412                           ;main.c: 636:         step = 2;
  2413     0281  3002               	movlw	2
  2414     0282  00C2               	movwf	_step
  2415                           
  2416                           ;main.c: 637:       } else {
  2417     0283  2AD4               	goto	l482
  2418     0284                     l2569:
  2419                           
  2420                           ;main.c: 642:       data_buf[2] = rx_data;
  2421     0284  0874               	movf	_rx_data,w
  2422     0285  00A2               	movwf	_data_buf+2
  2423                           
  2424                           ;main.c: 643:       step = 3;
  2425     0286  3003               	movlw	3
  2426     0287  00C2               	movwf	_step
  2427                           
  2428                           ;main.c: 644:       break;
  2429     0288  2AD4               	goto	l482
  2430     0289                     l2571:
  2431                           
  2432                           ;main.c: 646:       data_buf[3] = rx_data;
  2433     0289  0874               	movf	_rx_data,w
  2434     028A  00A3               	movwf	_data_buf+3
  2435                           
  2436                           ;main.c: 647:       step = 4;
  2437     028B  3004               	movlw	4
  2438     028C  00C2               	movwf	_step
  2439                           
  2440                           ;main.c: 648:       break;
  2441     028D  2AD4               	goto	l482
  2442     028E                     l2573:
  2443                           
  2444                           ;main.c: 650:       data_buf[4] = rx_data;
  2445     028E  0874               	movf	_rx_data,w
  2446     028F  00A4               	movwf	_data_buf+4
  2447                           
  2448                           ;main.c: 651:       step = 5;
  2449     0290  3005               	movlw	5
  2450     0291  00C2               	movwf	_step
  2451                           
  2452                           ;main.c: 652:       break;
  2453     0292  2AD4               	goto	l482
  2454     0293                     l2575:
  2455                           
  2456                           ;main.c: 654:       data_buf[5] = rx_data;
  2457     0293  0874               	movf	_rx_data,w
  2458     0294  00A5               	movwf	_data_buf+5
  2459                           
  2460                           ;main.c: 655:       step = 6;
  2461     0295  3006               	movlw	6
  2462     0296  00C2               	movwf	_step
  2463                           
  2464                           ;main.c: 656:       break;
  2465     0297  2AD4               	goto	l482
  2466     0298                     l2577:
  2467                           
  2468                           ;main.c: 658:       data_buf[6] = rx_data;
  2469     0298  0874               	movf	_rx_data,w
  2470     0299  00A6               	movwf	_data_buf+6
  2471                           
  2472                           ;main.c: 659:       step = 7;
  2473     029A  3007               	movlw	7
  2474     029B  00C2               	movwf	_step
  2475                           
  2476                           ;main.c: 660:       break;
  2477     029C  2AD4               	goto	l482
  2478     029D                     l2579:
  2479                           
  2480                           ;main.c: 662:       data_buf[7] = rx_data;
  2481     029D  0874               	movf	_rx_data,w
  2482     029E  00A7               	movwf	_data_buf+7
  2483                           
  2484                           ;main.c: 663:       step = 8;
  2485     029F  3008               	movlw	8
  2486     02A0  00C2               	movwf	_step
  2487                           
  2488                           ;main.c: 664:       break;
  2489     02A1  2AD4               	goto	l482
  2490     02A2                     l2581:
  2491                           
  2492                           ;main.c: 666:       data_buf[8] = rx_data;
  2493     02A2  0874               	movf	_rx_data,w
  2494     02A3  00A8               	movwf	_data_buf+8
  2495                           
  2496                           ;main.c: 667:       step = 9;
  2497     02A4  3009               	movlw	9
  2498     02A5  00C2               	movwf	_step
  2499                           
  2500                           ;main.c: 668:       break;
  2501     02A6  2AD4               	goto	l482
  2502     02A7                     l2583:
  2503                           
  2504                           ;main.c: 670:       data_buf[9] = rx_data;
  2505     02A7  0874               	movf	_rx_data,w
  2506     02A8  00A9               	movwf	_data_buf+9
  2507                           
  2508                           ;main.c: 671:       step = 10;
  2509     02A9  300A               	movlw	10
  2510     02AA  00C2               	movwf	_step
  2511                           
  2512                           ;main.c: 672:       break;
  2513     02AB  2AD4               	goto	l482
  2514     02AC                     l2585:
  2515                           
  2516                           ;main.c: 674:       data_buf[10] = rx_data;
  2517     02AC  0874               	movf	_rx_data,w
  2518     02AD  00AA               	movwf	_data_buf+10
  2519     02AE                     l2587:
  2520                           
  2521                           ;main.c: 675:       fFrame_OK = 1;
  2522     02AE  01C3               	clrf	_fFrame_OK
  2523     02AF  0AC3               	incf	_fFrame_OK,f
  2524     02B0  2A77               	goto	l2561
  2525     02B1                     l2595:
  2526     02B1  0842               	movf	_step,w
  2527                           
  2528                           ; Switch size 1, requested type "simple"
  2529                           ; Number of cases is 11, Range of values is 0 to 10
  2530                           ; switch strategies available:
  2531                           ; Name         Instructions Cycles
  2532                           ; direct_byte           28     6 (fixed)
  2533                           ; simple_byte           34    18 (average)
  2534                           ; jumptable            260     6 (fixed)
  2535                           ;	Chosen strategy is simple_byte
  2536     02B2  3A00               	xorlw	0	; case 0
  2537     02B3  1903               	skipnz
  2538     02B4  2A6C               	goto	l2555
  2539     02B5  3A01               	xorlw	1	; case 1
  2540     02B6  1903               	skipnz
  2541     02B7  2A79               	goto	l2563
  2542     02B8  3A03               	xorlw	3	; case 2
  2543     02B9  1903               	skipnz
  2544     02BA  2A84               	goto	l2569
  2545     02BB  3A01               	xorlw	1	; case 3
  2546     02BC  1903               	skipnz
  2547     02BD  2A89               	goto	l2571
  2548     02BE  3A07               	xorlw	7	; case 4
  2549     02BF  1903               	skipnz
  2550     02C0  2A8E               	goto	l2573
  2551     02C1  3A01               	xorlw	1	; case 5
  2552     02C2  1903               	skipnz
  2553     02C3  2A93               	goto	l2575
  2554     02C4  3A03               	xorlw	3	; case 6
  2555     02C5  1903               	skipnz
  2556     02C6  2A98               	goto	l2577
  2557     02C7  3A01               	xorlw	1	; case 7
  2558     02C8  1903               	skipnz
  2559     02C9  2A9D               	goto	l2579
  2560     02CA  3A0F               	xorlw	15	; case 8
  2561     02CB  1903               	skipnz
  2562     02CC  2AA2               	goto	l2581
  2563     02CD  3A01               	xorlw	1	; case 9
  2564     02CE  1903               	skipnz
  2565     02CF  2AA7               	goto	l2583
  2566     02D0  3A03               	xorlw	3	; case 10
  2567     02D1  1903               	skipnz
  2568     02D2  2AAC               	goto	l2585
  2569     02D3  2A77               	goto	l2561
  2570     02D4                     l482:
  2571     02D4  0008               	return
  2572     02D5                     __end_of_getFrameData:
  2573                           
  2574                           	psect	text2
  2575     03CD                     __ptext2:	
  2576 ;; *************** function _check_input *****************
  2577 ;; Defined at:
  2578 ;;		line 577 in file "main.c"
  2579 ;; Parameters:    Size  Location     Type
  2580 ;;		None
  2581 ;; Auto vars:     Size  Location     Type
  2582 ;;		None
  2583 ;; Return value:  Size  Location     Type
  2584 ;;                  1    wreg      void 
  2585 ;; Registers used:
  2586 ;;		wreg, status,2
  2587 ;; Tracked objects:
  2588 ;;		On entry : 0/0
  2589 ;;		On exit  : 0/0
  2590 ;;		Unchanged: 0/0
  2591 ;; Data sizes:     COMMON   BANK0   BANK1   BANK2   BANK3   BANK4   BANK5   BANK6
  2592 ;;      Params:         0       0       0       0       0       0       0       0
  2593 ;;      Locals:         0       0       0       0       0       0       0       0
  2594 ;;      Temps:          0       0       0       0       0       0       0       0
  2595 ;;      Totals:         0       0       0       0       0       0       0       0
  2596 ;;Total ram usage:        0 bytes
  2597 ;; Hardware stack levels used: 1
  2598 ;; Hardware stack levels required when called: 4
  2599 ;; This function calls:
  2600 ;;		Nothing
  2601 ;; This function is called by:
  2602 ;;		_main
  2603 ;; This function uses a non-reentrant model
  2604 ;;
  2605                           
  2606     03CD                     _check_input:	
  2607                           ;psect for function _check_input
  2608                           
  2609     03CD                     l2533:	
  2610                           ;incstack = 0
  2611                           ; Regs used in _check_input: [wreg+status,2]
  2612                           
  2613                           
  2614                           ;main.c: 578:   D2.Byte = data_buf[2];
  2615     03CD  0020               	movlb	0	; select bank0
  2616     03CE  0822               	movf	_data_buf+2,w
  2617     03CF  00F3               	movwf	_D2
  2618                           
  2619                           ;main.c: 579:   D3.Byte = data_buf[3];
  2620     03D0  0823               	movf	_data_buf+3,w
  2621     03D1  00C1               	movwf	_D3
  2622     03D2                     l2535:
  2623                           
  2624                           ;main.c: 580:   csFlag.Byte = 0;
  2625     03D2  01C0               	clrf	_csFlag
  2626     03D3                     l2537:
  2627                           
  2628                           ;main.c: 583:   if (D2.POS == 1)
  2629     03D3  1D73               	btfss	_D2,2
  2630     03D4  2BD6               	goto	u3161
  2631     03D5  2BD7               	goto	u3160
  2632     03D6                     u3161:
  2633     03D6  2BD9               	goto	l448
  2634     03D7                     u3160:
  2635     03D7                     l2539:
  2636                           
  2637                           ;main.c: 584:     csFlag.POS = 1;
  2638     03D7  16C0               	bsf	_csFlag,5
  2639     03D8  2BDA               	goto	l449
  2640     03D9                     l448:	
  2641                           ;main.c: 585:   else
  2642                           
  2643                           
  2644                           ;main.c: 586:     csFlag.POS = 0;
  2645     03D9  12C0               	bcf	_csFlag,5
  2646     03DA                     l449:
  2647                           
  2648                           ;main.c: 589:   if (D2.DRL == 1)
  2649     03DA  1DF3               	btfss	_D2,3
  2650     03DB  2BDD               	goto	u3171
  2651     03DC  2BDE               	goto	u3170
  2652     03DD                     u3171:
  2653     03DD  2BE0               	goto	l450
  2654     03DE                     u3170:
  2655     03DE                     l2541:
  2656                           
  2657                           ;main.c: 590:     csFlag.DRL = 1;
  2658     03DE  1640               	bsf	_csFlag,4
  2659     03DF  2BE1               	goto	l451
  2660     03E0                     l450:	
  2661                           ;main.c: 591:   else
  2662                           
  2663                           
  2664                           ;main.c: 592:     csFlag.DRL = 0;
  2665     03E0  1240               	bcf	_csFlag,4
  2666     03E1                     l451:
  2667                           
  2668                           ;main.c: 595:   if (D2.LoBeam == 1)
  2669     03E1  1E73               	btfss	_D2,4
  2670     03E2  2BE4               	goto	u3181
  2671     03E3  2BE5               	goto	u3180
  2672     03E4                     u3181:
  2673     03E4  2BE7               	goto	l452
  2674     03E5                     u3180:
  2675     03E5                     l2543:
  2676                           
  2677                           ;main.c: 596:     csFlag.LoBeam = 1;
  2678     03E5  15C0               	bsf	_csFlag,3
  2679     03E6  2BE8               	goto	l453
  2680     03E7                     l452:	
  2681                           ;main.c: 597:   else
  2682                           
  2683                           
  2684                           ;main.c: 598:     csFlag.LoBeam = 0;
  2685     03E7  11C0               	bcf	_csFlag,3
  2686     03E8                     l453:
  2687                           
  2688                           ;main.c: 601:   if (D2.HiBeam == 1)
  2689     03E8  1EF3               	btfss	_D2,5
  2690     03E9  2BEB               	goto	u3191
  2691     03EA  2BEC               	goto	u3190
  2692     03EB                     u3191:
  2693     03EB  2BEE               	goto	l454
  2694     03EC                     u3190:
  2695     03EC                     l2545:
  2696                           
  2697                           ;main.c: 602:     csFlag.HiBeam = 1;
  2698     03EC  1540               	bsf	_csFlag,2
  2699     03ED  2BEF               	goto	l455
  2700     03EE                     l454:	
  2701                           ;main.c: 603:   else
  2702                           
  2703                           
  2704                           ;main.c: 604:     csFlag.HiBeam = 0;
  2705     03EE  1140               	bcf	_csFlag,2
  2706     03EF                     l455:
  2707                           
  2708                           ;main.c: 607:   if (D3.turnLight_L == 1)
  2709     03EF  1EC1               	btfss	_D3,5
  2710     03F0  2BF2               	goto	u3201
  2711     03F1  2BF3               	goto	u3200
  2712     03F2                     u3201:
  2713     03F2  2BF5               	goto	l456
  2714     03F3                     u3200:
  2715     03F3                     l2547:
  2716                           
  2717                           ;main.c: 608:     csFlag.turnLight_L = 1;
  2718     03F3  14C0               	bsf	_csFlag,1
  2719     03F4  2BF6               	goto	l457
  2720     03F5                     l456:	
  2721                           ;main.c: 609:   else
  2722                           
  2723                           
  2724                           ;main.c: 610:     csFlag.turnLight_L = 0;
  2725     03F5  10C0               	bcf	_csFlag,1
  2726     03F6                     l457:
  2727                           
  2728                           ;main.c: 613:   if (D3.turnLight_R == 1)
  2729     03F6  1F41               	btfss	_D3,6
  2730     03F7  2BF9               	goto	u3211
  2731     03F8  2BFA               	goto	u3210
  2732     03F9                     u3211:
  2733     03F9  2BFC               	goto	l458
  2734     03FA                     u3210:
  2735     03FA                     l2549:
  2736                           
  2737                           ;main.c: 614:     csFlag.turnLight_R = 1;
  2738     03FA  1440               	bsf	_csFlag,0
  2739     03FB  2BFD               	goto	l460
  2740     03FC                     l458:	
  2741                           ;main.c: 615:   else
  2742                           
  2743                           
  2744                           ;main.c: 616:     csFlag.turnLight_R = 0;
  2745     03FC  1040               	bcf	_csFlag,0
  2746     03FD                     l460:
  2747     03FD  0008               	return
  2748     03FE                     __end_of_check_input:
  2749                           
  2750                           	psect	text3
  2751     041C                     __ptext3:	
  2752 ;; *************** function _SYSTEM_Initialize *****************
  2753 ;; Defined at:
  2754 ;;		line 50 in file "mcc_generated_files/mcc.c"
  2755 ;; Parameters:    Size  Location     Type
  2756 ;;		None
  2757 ;; Auto vars:     Size  Location     Type
  2758 ;;		None
  2759 ;; Return value:  Size  Location     Type
  2760 ;;                  1    wreg      void 
  2761 ;; Registers used:
  2762 ;;		wreg, status,2, status,0, pclath, cstack
  2763 ;; Tracked objects:
  2764 ;;		On entry : 0/0
  2765 ;;		On exit  : 0/0
  2766 ;;		Unchanged: 0/0
  2767 ;; Data sizes:     COMMON   BANK0   BANK1   BANK2   BANK3   BANK4   BANK5   BANK6
  2768 ;;      Params:         0       0       0       0       0       0       0       0
  2769 ;;      Locals:         0       0       0       0       0       0       0       0
  2770 ;;      Temps:          0       0       0       0       0       0       0       0
  2771 ;;      Totals:         0       0       0       0       0       0       0       0
  2772 ;;Total ram usage:        0 bytes
  2773 ;; Hardware stack levels used: 1
  2774 ;; Hardware stack levels required when called: 6
  2775 ;; This function calls:
  2776 ;;		_ECCP3_Initialize
  2777 ;;		_EPWM1_Initialize
  2778 ;;		_OSCILLATOR_Initialize
  2779 ;;		_PIN_MANAGER_Initialize
  2780 ;;		_TMR0_Initialize
  2781 ;;		_TMR1_Initialize
  2782 ;;		_TMR2_Initialize
  2783 ;;		_WDT_Initialize
  2784 ;; This function is called by:
  2785 ;;		_main
  2786 ;; This function uses a non-reentrant model
  2787 ;;
  2788                           
  2789     041C                     _SYSTEM_Initialize:	
  2790                           ;psect for function _SYSTEM_Initialize
  2791                           
  2792     041C                     l2341:	
  2793                           ;incstack = 0
  2794                           ; Regs used in _SYSTEM_Initialize: [wreg+status,2+status,0+pclath+cstack]
  2795                           
  2796                           
  2797                           ;mcc_generated_files/mcc.c: 53:     PIN_MANAGER_Initialize();
  2798     041C  3183  23FE  3184   	fcall	_PIN_MANAGER_Initialize
  2799                           
  2800                           ;mcc_generated_files/mcc.c: 54:     OSCILLATOR_Initialize();
  2801     041F  3184  24A6  3184   	fcall	_OSCILLATOR_Initialize
  2802                           
  2803                           ;mcc_generated_files/mcc.c: 55:     WDT_Initialize();
  2804     0422  3184  24E2  3184   	fcall	_WDT_Initialize
  2805                           
  2806                           ;mcc_generated_files/mcc.c: 56:     EPWM1_Initialize();
  2807     0425  3184  248C  3184   	fcall	_EPWM1_Initialize
  2808                           
  2809                           ;mcc_generated_files/mcc.c: 57:     ECCP3_Initialize();
  2810     0428  3184  24B2  3184   	fcall	_ECCP3_Initialize
  2811                           
  2812                           ;mcc_generated_files/mcc.c: 58:     TMR2_Initialize();
  2813     042B  3184  24BC  3184   	fcall	_TMR2_Initialize
  2814                           
  2815                           ;mcc_generated_files/mcc.c: 59:     TMR1_Initialize();
  2816     042E  3184  247F  3184   	fcall	_TMR1_Initialize
  2817                           
  2818                           ;mcc_generated_files/mcc.c: 60:     TMR0_Initialize();
  2819     0431  3184  244D  3184   	fcall	_TMR0_Initialize
  2820     0434                     l29:
  2821     0434  0008               	return
  2822     0435                     __end_of_SYSTEM_Initialize:
  2823                           
  2824                           	psect	text4
  2825     04E2                     __ptext4:	
  2826 ;; *************** function _WDT_Initialize *****************
  2827 ;; Defined at:
  2828 ;;		line 77 in file "mcc_generated_files/mcc.c"
  2829 ;; Parameters:    Size  Location     Type
  2830 ;;		None
  2831 ;; Auto vars:     Size  Location     Type
  2832 ;;		None
  2833 ;; Return value:  Size  Location     Type
  2834 ;;                  1    wreg      void 
  2835 ;; Registers used:
  2836 ;;		wreg
  2837 ;; Tracked objects:
  2838 ;;		On entry : 0/0
  2839 ;;		On exit  : 0/0
  2840 ;;		Unchanged: 0/0
  2841 ;; Data sizes:     COMMON   BANK0   BANK1   BANK2   BANK3   BANK4   BANK5   BANK6
  2842 ;;      Params:         0       0       0       0       0       0       0       0
  2843 ;;      Locals:         0       0       0       0       0       0       0       0
  2844 ;;      Temps:          0       0       0       0       0       0       0       0
  2845 ;;      Totals:         0       0       0       0       0       0       0       0
  2846 ;;Total ram usage:        0 bytes
  2847 ;; Hardware stack levels used: 1
  2848 ;; Hardware stack levels required when called: 4
  2849 ;; This function calls:
  2850 ;;		Nothing
  2851 ;; This function is called by:
  2852 ;;		_SYSTEM_Initialize
  2853 ;; This function uses a non-reentrant model
  2854 ;;
  2855                           
  2856     04E2                     _WDT_Initialize:	
  2857                           ;psect for function _WDT_Initialize
  2858                           
  2859     04E2                     l2261:	
  2860                           ;incstack = 0
  2861                           ; Regs used in _WDT_Initialize: [wreg]
  2862                           
  2863                           
  2864                           ;mcc_generated_files/mcc.c: 80:     WDTCON = 0x16;
  2865     04E2  3016               	movlw	22
  2866     04E3  0021               	movlb	1	; select bank1
  2867     04E4  0097               	movwf	23	;volatile
  2868     04E5                     l38:
  2869     04E5  0008               	return
  2870     04E6                     __end_of_WDT_Initialize:
  2871                           
  2872                           	psect	text5
  2873     04BC                     __ptext5:	
  2874 ;; *************** function _TMR2_Initialize *****************
  2875 ;; Defined at:
  2876 ;;		line 62 in file "mcc_generated_files/tmr2.c"
  2877 ;; Parameters:    Size  Location     Type
  2878 ;;		None
  2879 ;; Auto vars:     Size  Location     Type
  2880 ;;		None
  2881 ;; Return value:  Size  Location     Type
  2882 ;;                  1    wreg      void 
  2883 ;; Registers used:
  2884 ;;		wreg, status,2
  2885 ;; Tracked objects:
  2886 ;;		On entry : 0/0
  2887 ;;		On exit  : 0/0
  2888 ;;		Unchanged: 0/0
  2889 ;; Data sizes:     COMMON   BANK0   BANK1   BANK2   BANK3   BANK4   BANK5   BANK6
  2890 ;;      Params:         0       0       0       0       0       0       0       0
  2891 ;;      Locals:         0       0       0       0       0       0       0       0
  2892 ;;      Temps:          0       0       0       0       0       0       0       0
  2893 ;;      Totals:         0       0       0       0       0       0       0       0
  2894 ;;Total ram usage:        0 bytes
  2895 ;; Hardware stack levels used: 1
  2896 ;; Hardware stack levels required when called: 4
  2897 ;; This function calls:
  2898 ;;		Nothing
  2899 ;; This function is called by:
  2900 ;;		_SYSTEM_Initialize
  2901 ;; This function uses a non-reentrant model
  2902 ;;
  2903                           
  2904     04BC                     _TMR2_Initialize:	
  2905                           ;psect for function _TMR2_Initialize
  2906                           
  2907     04BC                     l2287:	
  2908                           ;incstack = 0
  2909                           ; Regs used in _TMR2_Initialize: [wreg+status,2]
  2910                           
  2911                           
  2912                           ;mcc_generated_files/tmr2.c: 67:     PR2 = 0xC8;
  2913     04BC  30C8               	movlw	200
  2914     04BD  0020               	movlb	0	; select bank0
  2915     04BE  009B               	movwf	27	;volatile
  2916     04BF                     l2289:
  2917                           
  2918                           ;mcc_generated_files/tmr2.c: 70:     TMR2 = 0x00;
  2919     04BF  019A               	clrf	26	;volatile
  2920     04C0                     l2291:
  2921                           
  2922                           ;mcc_generated_files/tmr2.c: 73:     PIR1bits.TMR2IF = 0;
  2923     04C0  1091               	bcf	17,1	;volatile
  2924     04C1                     l2293:
  2925                           
  2926                           ;mcc_generated_files/tmr2.c: 76:     T2CON = 0x07;
  2927     04C1  3007               	movlw	7
  2928     04C2  009C               	movwf	28	;volatile
  2929     04C3                     l195:
  2930     04C3  0008               	return
  2931     04C4                     __end_of_TMR2_Initialize:
  2932                           
  2933                           	psect	text6
  2934     047F                     __ptext6:	
  2935 ;; *************** function _TMR1_Initialize *****************
  2936 ;; Defined at:
  2937 ;;		line 63 in file "mcc_generated_files/tmr1.c"
  2938 ;; Parameters:    Size  Location     Type
  2939 ;;		None
  2940 ;; Auto vars:     Size  Location     Type
  2941 ;;		None
  2942 ;; Return value:  Size  Location     Type
  2943 ;;                  1    wreg      void 
  2944 ;; Registers used:
  2945 ;;		wreg, status,2
  2946 ;; Tracked objects:
  2947 ;;		On entry : 0/0
  2948 ;;		On exit  : 0/0
  2949 ;;		Unchanged: 0/0
  2950 ;; Data sizes:     COMMON   BANK0   BANK1   BANK2   BANK3   BANK4   BANK5   BANK6
  2951 ;;      Params:         0       0       0       0       0       0       0       0
  2952 ;;      Locals:         0       0       0       0       0       0       0       0
  2953 ;;      Temps:          0       0       0       0       0       0       0       0
  2954 ;;      Totals:         0       0       0       0       0       0       0       0
  2955 ;;Total ram usage:        0 bytes
  2956 ;; Hardware stack levels used: 1
  2957 ;; Hardware stack levels required when called: 4
  2958 ;; This function calls:
  2959 ;;		Nothing
  2960 ;; This function is called by:
  2961 ;;		_SYSTEM_Initialize
  2962 ;; This function uses a non-reentrant model
  2963 ;;
  2964                           
  2965     047F                     _TMR1_Initialize:	
  2966                           ;psect for function _TMR1_Initialize
  2967                           
  2968     047F                     l2295:	
  2969                           ;incstack = 0
  2970                           ; Regs used in _TMR1_Initialize: [wreg+status,2]
  2971                           
  2972                           
  2973                           ;mcc_generated_files/tmr1.c: 68:     T1GCON = 0x10;
  2974     047F  3010               	movlw	16
  2975     0480  0020               	movlb	0	; select bank0
  2976     0481  0099               	movwf	25	;volatile
  2977     0482                     l2297:
  2978                           
  2979                           ;mcc_generated_files/tmr1.c: 71:     TMR1H = 0x00;
  2980     0482  0197               	clrf	23	;volatile
  2981     0483                     l2299:
  2982                           
  2983                           ;mcc_generated_files/tmr1.c: 74:     TMR1L = 0x00;
  2984     0483  0196               	clrf	22	;volatile
  2985     0484                     l2301:
  2986                           
  2987                           ;mcc_generated_files/tmr1.c: 77:     PIR1bits.TMR1IF = 0;
  2988     0484  1011               	bcf	17,0	;volatile
  2989                           
  2990                           ;mcc_generated_files/tmr1.c: 80:     timer1ReloadVal=(uint16_t)((TMR1H << 8) | TMR1L);
  2991     0485  0817               	movf	23,w	;volatile
  2992     0486  00B6               	movwf	_timer1ReloadVal+1	;volatile
  2993     0487  0816               	movf	22,w	;volatile
  2994     0488  00B5               	movwf	_timer1ReloadVal	;volatile
  2995                           
  2996                           ;mcc_generated_files/tmr1.c: 83:     T1CON = 0x01;
  2997     0489  3001               	movlw	1
  2998     048A  0098               	movwf	24	;volatile
  2999     048B                     l78:
  3000     048B  0008               	return
  3001     048C                     __end_of_TMR1_Initialize:
  3002                           
  3003                           	psect	text7
  3004     044D                     __ptext7:	
  3005 ;; *************** function _TMR0_Initialize *****************
  3006 ;; Defined at:
  3007 ;;		line 64 in file "mcc_generated_files/tmr0.c"
  3008 ;; Parameters:    Size  Location     Type
  3009 ;;		None
  3010 ;; Auto vars:     Size  Location     Type
  3011 ;;		None
  3012 ;; Return value:  Size  Location     Type
  3013 ;;                  1    wreg      void 
  3014 ;; Registers used:
  3015 ;;		wreg, status,2, status,0, pclath, cstack
  3016 ;; Tracked objects:
  3017 ;;		On entry : 0/0
  3018 ;;		On exit  : 0/0
  3019 ;;		Unchanged: 0/0
  3020 ;; Data sizes:     COMMON   BANK0   BANK1   BANK2   BANK3   BANK4   BANK5   BANK6
  3021 ;;      Params:         0       0       0       0       0       0       0       0
  3022 ;;      Locals:         0       0       0       0       0       0       0       0
  3023 ;;      Temps:          0       0       0       0       0       0       0       0
  3024 ;;      Totals:         0       0       0       0       0       0       0       0
  3025 ;;Total ram usage:        0 bytes
  3026 ;; Hardware stack levels used: 1
  3027 ;; Hardware stack levels required when called: 5
  3028 ;; This function calls:
  3029 ;;		_TMR0_SetInterruptHandler
  3030 ;; This function is called by:
  3031 ;;		_SYSTEM_Initialize
  3032 ;; This function uses a non-reentrant model
  3033 ;;
  3034                           
  3035     044D                     _TMR0_Initialize:	
  3036                           ;psect for function _TMR0_Initialize
  3037                           
  3038     044D                     l2303:	
  3039                           ;incstack = 0
  3040                           ; Regs used in _TMR0_Initialize: [wreg+status,2+status,0+pclath+cstack]
  3041                           
  3042                           
  3043                           ;mcc_generated_files/tmr0.c: 69:     OPTION_REG = (uint8_t)((OPTION_REG & 0xC0) | (0xD4 
      +                          & 0x3F));
  3044     044D  0021               	movlb	1	; select bank1
  3045     044E  0815               	movf	21,w	;volatile
  3046     044F  39C0               	andlw	192
  3047     0450  3814               	iorlw	20
  3048     0451  0095               	movwf	21	;volatile
  3049     0452                     l2305:
  3050                           
  3051                           ;mcc_generated_files/tmr0.c: 72:     TMR0 = 0x06;
  3052     0452  3006               	movlw	6
  3053     0453  0020               	movlb	0	; select bank0
  3054     0454  0095               	movwf	21	;volatile
  3055     0455                     l2307:
  3056                           
  3057                           ;mcc_generated_files/tmr0.c: 75:     timer0ReloadVal= 6;
  3058     0455  3006               	movlw	6
  3059     0456  00F5               	movwf	_timer0ReloadVal	;volatile
  3060     0457                     l2309:
  3061                           
  3062                           ;mcc_generated_files/tmr0.c: 78:     INTCONbits.TMR0IF = 0;
  3063     0457  110B               	bcf	11,2	;volatile
  3064     0458                     l2311:
  3065                           
  3066                           ;mcc_generated_files/tmr0.c: 81:     INTCONbits.TMR0IE = 1;
  3067     0458  168B               	bsf	11,5	;volatile
  3068     0459                     l2313:
  3069                           
  3070                           ;mcc_generated_files/tmr0.c: 84:     TMR0_SetInterruptHandler(TMR0_DefaultInterruptHandl
      +                          er);
  3071     0459  30E6               	movlw	low _TMR0_DefaultInterruptHandler
  3072     045A  00C5               	movwf	TMR0_SetInterruptHandler@InterruptHandler
  3073     045B  3004               	movlw	high _TMR0_DefaultInterruptHandler
  3074     045C  00C6               	movwf	TMR0_SetInterruptHandler@InterruptHandler+1
  3075     045D  3184  24D0  3184   	fcall	_TMR0_SetInterruptHandler
  3076     0460                     l157:
  3077     0460  0008               	return
  3078     0461                     __end_of_TMR0_Initialize:
  3079                           
  3080                           	psect	text8
  3081     04D0                     __ptext8:	
  3082 ;; *************** function _TMR0_SetInterruptHandler *****************
  3083 ;; Defined at:
  3084 ;;		line 140 in file "mcc_generated_files/tmr0.c"
  3085 ;; Parameters:    Size  Location     Type
  3086 ;;  InterruptHan    2    0[BANK0 ] PTR FTN()void 
  3087 ;;		 -> TMR0_EvenHandler(1), TMR0_DefaultInterruptHandler(1), 
  3088 ;; Auto vars:     Size  Location     Type
  3089 ;;		None
  3090 ;; Return value:  Size  Location     Type
  3091 ;;                  1    wreg      void 
  3092 ;; Registers used:
  3093 ;;		wreg
  3094 ;; Tracked objects:
  3095 ;;		On entry : 0/0
  3096 ;;		On exit  : 0/0
  3097 ;;		Unchanged: 0/0
  3098 ;; Data sizes:     COMMON   BANK0   BANK1   BANK2   BANK3   BANK4   BANK5   BANK6
  3099 ;;      Params:         0       2       0       0       0       0       0       0
  3100 ;;      Locals:         0       0       0       0       0       0       0       0
  3101 ;;      Temps:          0       0       0       0       0       0       0       0
  3102 ;;      Totals:         0       2       0       0       0       0       0       0
  3103 ;;Total ram usage:        2 bytes
  3104 ;; Hardware stack levels used: 1
  3105 ;; Hardware stack levels required when called: 4
  3106 ;; This function calls:
  3107 ;;		Nothing
  3108 ;; This function is called by:
  3109 ;;		_TMR0_Initialize
  3110 ;;		_main
  3111 ;; This function uses a non-reentrant model
  3112 ;;
  3113                           
  3114     04D0                     _TMR0_SetInterruptHandler:	
  3115                           ;psect for function _TMR0_SetInterruptHandler
  3116                           
  3117     04D0                     l2229:	
  3118                           ;incstack = 0
  3119                           ; Regs used in _TMR0_SetInterruptHandler: [wreg]
  3120                           
  3121                           
  3122                           ;mcc_generated_files/tmr0.c: 141:     TMR0_InterruptHandler = InterruptHandler;
  3123     04D0  0020               	movlb	0	; select bank0
  3124     04D1  0846               	movf	TMR0_SetInterruptHandler@InterruptHandler+1,w
  3125     04D2  00B4               	movwf	_TMR0_InterruptHandler+1
  3126     04D3  0845               	movf	TMR0_SetInterruptHandler@InterruptHandler,w
  3127     04D4  00B3               	movwf	_TMR0_InterruptHandler
  3128     04D5                     l179:
  3129     04D5  0008               	return
  3130     04D6                     __end_of_TMR0_SetInterruptHandler:
  3131                           
  3132                           	psect	text9
  3133     03FE                     __ptext9:	
  3134 ;; *************** function _PIN_MANAGER_Initialize *****************
  3135 ;; Defined at:
  3136 ;;		line 55 in file "mcc_generated_files/pin_manager.c"
  3137 ;; Parameters:    Size  Location     Type
  3138 ;;		None
  3139 ;; Auto vars:     Size  Location     Type
  3140 ;;		None
  3141 ;; Return value:  Size  Location     Type
  3142 ;;                  1    wreg      void 
  3143 ;; Registers used:
  3144 ;;		wreg, status,2
  3145 ;; Tracked objects:
  3146 ;;		On entry : 0/0
  3147 ;;		On exit  : 0/0
  3148 ;;		Unchanged: 0/0
  3149 ;; Data sizes:     COMMON   BANK0   BANK1   BANK2   BANK3   BANK4   BANK5   BANK6
  3150 ;;      Params:         0       0       0       0       0       0       0       0
  3151 ;;      Locals:         0       0       0       0       0       0       0       0
  3152 ;;      Temps:          0       0       0       0       0       0       0       0
  3153 ;;      Totals:         0       0       0       0       0       0       0       0
  3154 ;;Total ram usage:        0 bytes
  3155 ;; Hardware stack levels used: 1
  3156 ;; Hardware stack levels required when called: 4
  3157 ;; This function calls:
  3158 ;;		Nothing
  3159 ;; This function is called by:
  3160 ;;		_SYSTEM_Initialize
  3161 ;; This function uses a non-reentrant model
  3162 ;;
  3163                           
  3164     03FE                     _PIN_MANAGER_Initialize:	
  3165                           ;psect for function _PIN_MANAGER_Initialize
  3166                           
  3167     03FE                     l2231:	
  3168                           ;incstack = 0
  3169                           ; Regs used in _PIN_MANAGER_Initialize: [wreg+status,2]
  3170                           
  3171                           
  3172                           ;mcc_generated_files/pin_manager.c: 60:     LATE = 0x00;
  3173     03FE  0022               	movlb	2	; select bank2
  3174     03FF  0190               	clrf	16	;volatile
  3175                           
  3176                           ;mcc_generated_files/pin_manager.c: 61:     LATA = 0x00;
  3177     0400  018C               	clrf	12	;volatile
  3178     0401                     l2233:
  3179                           
  3180                           ;mcc_generated_files/pin_manager.c: 62:     LATB = 0x48;
  3181     0401  3048               	movlw	72
  3182     0402  008D               	movwf	13	;volatile
  3183     0403                     l2235:
  3184                           
  3185                           ;mcc_generated_files/pin_manager.c: 63:     LATC = 0x10;
  3186     0403  3010               	movlw	16
  3187     0404  008E               	movwf	14	;volatile
  3188     0405                     l2237:
  3189                           
  3190                           ;mcc_generated_files/pin_manager.c: 68:     TRISE = 0x08;
  3191     0405  3008               	movlw	8
  3192     0406  0021               	movlb	1	; select bank1
  3193     0407  0090               	movwf	16	;volatile
  3194     0408                     l2239:
  3195                           
  3196                           ;mcc_generated_files/pin_manager.c: 69:     TRISA = 0xBC;
  3197     0408  30BC               	movlw	188
  3198     0409  008C               	movwf	12	;volatile
  3199     040A                     l2241:
  3200                           
  3201                           ;mcc_generated_files/pin_manager.c: 70:     TRISB = 0xBE;
  3202     040A  30BE               	movlw	190
  3203     040B  008D               	movwf	13	;volatile
  3204     040C                     l2243:
  3205                           
  3206                           ;mcc_generated_files/pin_manager.c: 71:     TRISC = 0xFB;
  3207     040C  30FB               	movlw	251
  3208     040D  008E               	movwf	14	;volatile
  3209     040E                     l2245:
  3210                           
  3211                           ;mcc_generated_files/pin_manager.c: 76:     ANSELB = 0x36;
  3212     040E  3036               	movlw	54
  3213     040F  0023               	movlb	3	; select bank3
  3214     0410  008D               	movwf	13	;volatile
  3215     0411                     l2247:
  3216                           
  3217                           ;mcc_generated_files/pin_manager.c: 77:     ANSELA = 0x3C;
  3218     0411  303C               	movlw	60
  3219     0412  008C               	movwf	12	;volatile
  3220                           
  3221                           ;mcc_generated_files/pin_manager.c: 82:     WPUE = 0x00;
  3222     0413  0024               	movlb	4	; select bank4
  3223     0414  0190               	clrf	16	;volatile
  3224     0415                     l2249:
  3225                           
  3226                           ;mcc_generated_files/pin_manager.c: 83:     WPUB = 0x08;
  3227     0415  3008               	movlw	8
  3228     0416  008D               	movwf	13	;volatile
  3229     0417                     l2251:
  3230                           
  3231                           ;mcc_generated_files/pin_manager.c: 84:     OPTION_REGbits.nWPUEN = 0;
  3232     0417  0021               	movlb	1	; select bank1
  3233     0418  1395               	bcf	21,7	;volatile
  3234     0419                     l2253:
  3235                           
  3236                           ;mcc_generated_files/pin_manager.c: 90:     APFCON = 0x00;
  3237     0419  0022               	movlb	2	; select bank2
  3238     041A  019D               	clrf	29	;volatile
  3239     041B                     l135:
  3240     041B  0008               	return
  3241     041C                     __end_of_PIN_MANAGER_Initialize:
  3242                           
  3243                           	psect	text10
  3244     04A6                     __ptext10:	
  3245 ;; *************** function _OSCILLATOR_Initialize *****************
  3246 ;; Defined at:
  3247 ;;		line 63 in file "mcc_generated_files/mcc.c"
  3248 ;; Parameters:    Size  Location     Type
  3249 ;;		None
  3250 ;; Auto vars:     Size  Location     Type
  3251 ;;		None
  3252 ;; Return value:  Size  Location     Type
  3253 ;;                  1    wreg      void 
  3254 ;; Registers used:
  3255 ;;		wreg, status,2
  3256 ;; Tracked objects:
  3257 ;;		On entry : 0/0
  3258 ;;		On exit  : 0/0
  3259 ;;		Unchanged: 0/0
  3260 ;; Data sizes:     COMMON   BANK0   BANK1   BANK2   BANK3   BANK4   BANK5   BANK6
  3261 ;;      Params:         0       0       0       0       0       0       0       0
  3262 ;;      Locals:         0       0       0       0       0       0       0       0
  3263 ;;      Temps:          0       0       0       0       0       0       0       0
  3264 ;;      Totals:         0       0       0       0       0       0       0       0
  3265 ;;Total ram usage:        0 bytes
  3266 ;; Hardware stack levels used: 1
  3267 ;; Hardware stack levels required when called: 4
  3268 ;; This function calls:
  3269 ;;		Nothing
  3270 ;; This function is called by:
  3271 ;;		_SYSTEM_Initialize
  3272 ;; This function uses a non-reentrant model
  3273 ;;
  3274                           
  3275     04A6                     _OSCILLATOR_Initialize:	
  3276                           ;psect for function _OSCILLATOR_Initialize
  3277                           
  3278     04A6                     l2255:	
  3279                           ;incstack = 0
  3280                           ; Regs used in _OSCILLATOR_Initialize: [wreg+status,2]
  3281                           
  3282                           
  3283                           ;mcc_generated_files/mcc.c: 66:     OSCCON = 0x70;
  3284     04A6  3070               	movlw	112
  3285     04A7  0021               	movlb	1	; select bank1
  3286     04A8  0099               	movwf	25	;volatile
  3287     04A9                     l2257:
  3288                           
  3289                           ;mcc_generated_files/mcc.c: 68:     OSCTUNE = 0x00;
  3290     04A9  0198               	clrf	24	;volatile
  3291     04AA                     l2259:
  3292                           
  3293                           ;mcc_generated_files/mcc.c: 70:     BORCON = 0x00;
  3294     04AA  0022               	movlb	2	; select bank2
  3295     04AB  0196               	clrf	22	;volatile
  3296     04AC                     l32:	
  3297                           ;mcc_generated_files/mcc.c: 73:     {;mcc_generated_files/mcc.c: 74:     }
  3298                           
  3299                           
  3300                           ;mcc_generated_files/mcc.c: 72:     while(PLLR == 0)
  3301     04AC  0021               	movlb	1	; select bank1
  3302     04AD  1F1A               	btfss	26,6	;volatile
  3303     04AE  2CB0               	goto	u2331
  3304     04AF  2CB1               	goto	u2330
  3305     04B0                     u2331:
  3306     04B0  2CAC               	goto	l32
  3307     04B1                     u2330:
  3308     04B1                     l35:
  3309     04B1  0008               	return
  3310     04B2                     __end_of_OSCILLATOR_Initialize:
  3311                           
  3312                           	psect	text11
  3313     048C                     __ptext11:	
  3314 ;; *************** function _EPWM1_Initialize *****************
  3315 ;; Defined at:
  3316 ;;		line 64 in file "mcc_generated_files/epwm1.c"
  3317 ;; Parameters:    Size  Location     Type
  3318 ;;		None
  3319 ;; Auto vars:     Size  Location     Type
  3320 ;;		None
  3321 ;; Return value:  Size  Location     Type
  3322 ;;                  1    wreg      void 
  3323 ;; Registers used:
  3324 ;;		wreg, status,2, status,0
  3325 ;; Tracked objects:
  3326 ;;		On entry : 0/0
  3327 ;;		On exit  : 0/0
  3328 ;;		Unchanged: 0/0
  3329 ;; Data sizes:     COMMON   BANK0   BANK1   BANK2   BANK3   BANK4   BANK5   BANK6
  3330 ;;      Params:         0       0       0       0       0       0       0       0
  3331 ;;      Locals:         0       0       0       0       0       0       0       0
  3332 ;;      Temps:          0       0       0       0       0       0       0       0
  3333 ;;      Totals:         0       0       0       0       0       0       0       0
  3334 ;;Total ram usage:        0 bytes
  3335 ;; Hardware stack levels used: 1
  3336 ;; Hardware stack levels required when called: 4
  3337 ;; This function calls:
  3338 ;;		Nothing
  3339 ;; This function is called by:
  3340 ;;		_SYSTEM_Initialize
  3341 ;; This function uses a non-reentrant model
  3342 ;;
  3343                           
  3344     048C                     _EPWM1_Initialize:	
  3345                           ;psect for function _EPWM1_Initialize
  3346                           
  3347     048C                     l2263:	
  3348                           ;incstack = 0
  3349                           ; Regs used in _EPWM1_Initialize: [wreg+status,2+status,0]
  3350                           
  3351                           
  3352                           ;mcc_generated_files/epwm1.c: 69:  CCP1CON = 0x0C;
  3353     048C  300C               	movlw	12
  3354     048D  0025               	movlb	5	; select bank5
  3355     048E  0093               	movwf	19	;volatile
  3356     048F                     l2265:
  3357                           
  3358                           ;mcc_generated_files/epwm1.c: 72:  ECCP1AS = 0x00;
  3359     048F  0195               	clrf	21	;volatile
  3360     0490                     l2267:
  3361                           
  3362                           ;mcc_generated_files/epwm1.c: 75:  PWM1CON = 0x80;
  3363     0490  3080               	movlw	128
  3364     0491  0094               	movwf	20	;volatile
  3365     0492                     l2269:
  3366                           
  3367                           ;mcc_generated_files/epwm1.c: 78:  PSTR1CON = 0x01;
  3368     0492  3001               	movlw	1
  3369     0493  0096               	movwf	22	;volatile
  3370     0494                     l2271:
  3371                           
  3372                           ;mcc_generated_files/epwm1.c: 81:  CCPR1H = 0x00;
  3373     0494  0192               	clrf	18	;volatile
  3374     0495                     l2273:
  3375                           
  3376                           ;mcc_generated_files/epwm1.c: 84:  CCPR1L = 0x00;
  3377     0495  0191               	clrf	17	;volatile
  3378     0496                     l2275:
  3379                           
  3380                           ;mcc_generated_files/epwm1.c: 87:  CCPTMRS0bits.C1TSEL = 0x0;
  3381     0496  30FC               	movlw	-4
  3382     0497  059E               	andwf	30,f	;volatile
  3383     0498                     l249:
  3384     0498  0008               	return
  3385     0499                     __end_of_EPWM1_Initialize:
  3386                           
  3387                           	psect	text12
  3388     04B2                     __ptext12:	
  3389 ;; *************** function _ECCP3_Initialize *****************
  3390 ;; Defined at:
  3391 ;;		line 59 in file "mcc_generated_files/eccp3.c"
  3392 ;; Parameters:    Size  Location     Type
  3393 ;;		None
  3394 ;; Auto vars:     Size  Location     Type
  3395 ;;		None
  3396 ;; Return value:  Size  Location     Type
  3397 ;;                  1    wreg      void 
  3398 ;; Registers used:
  3399 ;;		wreg, status,2
  3400 ;; Tracked objects:
  3401 ;;		On entry : 0/0
  3402 ;;		On exit  : 0/0
  3403 ;;		Unchanged: 0/0
  3404 ;; Data sizes:     COMMON   BANK0   BANK1   BANK2   BANK3   BANK4   BANK5   BANK6
  3405 ;;      Params:         0       0       0       0       0       0       0       0
  3406 ;;      Locals:         0       0       0       0       0       0       0       0
  3407 ;;      Temps:          0       0       0       0       0       0       0       0
  3408 ;;      Totals:         0       0       0       0       0       0       0       0
  3409 ;;Total ram usage:        0 bytes
  3410 ;; Hardware stack levels used: 1
  3411 ;; Hardware stack levels required when called: 4
  3412 ;; This function calls:
  3413 ;;		Nothing
  3414 ;; This function is called by:
  3415 ;;		_SYSTEM_Initialize
  3416 ;; This function uses a non-reentrant model
  3417 ;;
  3418                           
  3419     04B2                     _ECCP3_Initialize:	
  3420                           ;psect for function _ECCP3_Initialize
  3421                           
  3422     04B2                     l2277:	
  3423                           ;incstack = 0
  3424                           ; Regs used in _ECCP3_Initialize: [wreg+status,2]
  3425                           
  3426                           
  3427                           ;mcc_generated_files/eccp3.c: 64:  CCP3CON = 0x05;
  3428     04B2  3005               	movlw	5
  3429     04B3  0026               	movlb	6	; select bank6
  3430     04B4  0093               	movwf	19	;volatile
  3431     04B5                     l2279:
  3432                           
  3433                           ;mcc_generated_files/eccp3.c: 67:  CCPR3H = 0x00;
  3434     04B5  0192               	clrf	18	;volatile
  3435     04B6                     l2281:
  3436                           
  3437                           ;mcc_generated_files/eccp3.c: 70:  CCPR3L = 0x00;
  3438     04B6  0191               	clrf	17	;volatile
  3439     04B7                     l2283:
  3440                           
  3441                           ;mcc_generated_files/eccp3.c: 73:     PIR3bits.CCP3IF = 0;
  3442     04B7  0020               	movlb	0	; select bank0
  3443     04B8  1213               	bcf	19,4	;volatile
  3444     04B9                     l2285:
  3445                           
  3446                           ;mcc_generated_files/eccp3.c: 76:     PIE3bits.CCP3IE = 1;
  3447     04B9  0021               	movlb	1	; select bank1
  3448     04BA  1613               	bsf	19,4	;volatile
  3449     04BB                     l229:
  3450     04BB  0008               	return
  3451     04BC                     __end_of_ECCP3_Initialize:
  3452                           
  3453                           	psect	text13
  3454     0046                     __ptext13:	
  3455 ;; *************** function _LED_output *****************
  3456 ;; Defined at:
  3457 ;;		line 359 in file "main.c"
  3458 ;; Parameters:    Size  Location     Type
  3459 ;;		None
  3460 ;; Auto vars:     Size  Location     Type
  3461 ;;  i               1    2[BANK0 ] unsigned char 
  3462 ;;  crc8            1    1[BANK0 ] unsigned char 
  3463 ;; Return value:  Size  Location     Type
  3464 ;;                  1    wreg      void 
  3465 ;; Registers used:
  3466 ;;		wreg, fsr1l, fsr1h, status,2, status,0, pclath, cstack
  3467 ;; Tracked objects:
  3468 ;;		On entry : 0/0
  3469 ;;		On exit  : 0/0
  3470 ;;		Unchanged: 0/0
  3471 ;; Data sizes:     COMMON   BANK0   BANK1   BANK2   BANK3   BANK4   BANK5   BANK6
  3472 ;;      Params:         0       0       0       0       0       0       0       0
  3473 ;;      Locals:         0       2       0       0       0       0       0       0
  3474 ;;      Temps:          0       1       0       0       0       0       0       0
  3475 ;;      Totals:         0       3       0       0       0       0       0       0
  3476 ;;Total ram usage:        3 bytes
  3477 ;; Hardware stack levels used: 1
  3478 ;; Hardware stack levels required when called: 5
  3479 ;; This function calls:
  3480 ;;		_DRL_ON
  3481 ;;		_LoBeam_ON
  3482 ;;		_POS_ON
  3483 ;; This function is called by:
  3484 ;;		_main
  3485 ;; This function uses a non-reentrant model
  3486 ;;
  3487                           
  3488     0046                     _LED_output:	
  3489                           ;psect for function _LED_output
  3490                           
  3491     0046                     l2359:	
  3492                           ;incstack = 0
  3493                           ; Regs used in _LED_output: [wreg+fsr1l+fsr1h+status,2+status,0+pclath+cstack]
  3494                           
  3495                           
  3496                           ;main.c: 360:   uint8_t crc8 = CS[csFlag.Byte];
  3497     0046  0020               	movlb	0	; select bank0
  3498     0047  0840               	movf	_csFlag,w
  3499     0048  3EA0               	addlw	(low (_CS| 0))& (0+255)
  3500     0049  0086               	movwf	6
  3501     004A  0187               	clrf	7
  3502     004B  0801               	movf	1,w
  3503     004C  00C6               	movwf	LED_output@crc8
  3504     004D                     l2361:
  3505                           
  3506                           ;main.c: 362:   if (data_buf[10] != crc8)
  3507     004D  082A               	movf	_data_buf+10,w
  3508     004E  0646               	xorwf	LED_output@crc8,w
  3509     004F  1903               	skipnz
  3510     0050  2852               	goto	u2471
  3511     0051  2853               	goto	u2470
  3512     0052                     u2471:
  3513     0052  2854               	goto	l2365
  3514     0053                     u2470:
  3515     0053  29C4               	goto	l356
  3516     0054                     l2365:
  3517                           
  3518                           ;main.c: 364:   if (data_buf[0] != 0xC8)
  3519     0054  30C8               	movlw	200
  3520     0055  0620               	xorwf	_data_buf,w
  3521     0056  1903               	btfsc	3,2
  3522     0057  2859               	goto	u2481
  3523     0058  285A               	goto	u2480
  3524     0059                     u2481:
  3525     0059  285B               	goto	l2369
  3526     005A                     u2480:
  3527     005A  29C4               	goto	l356
  3528     005B                     l2369:
  3529                           
  3530                           ;main.c: 366:   if (data_buf[1] != 0x8B)
  3531     005B  308B               	movlw	139
  3532     005C  0621               	xorwf	_data_buf+1,w
  3533     005D  1903               	btfsc	3,2
  3534     005E  2860               	goto	u2491
  3535     005F  2861               	goto	u2490
  3536     0060                     u2491:
  3537     0060  2862               	goto	l2373
  3538     0061                     u2490:
  3539     0061  29C4               	goto	l356
  3540     0062                     l2373:
  3541                           
  3542                           ;main.c: 369:   T10MS_CNT = 0;
  3543     0062  01BF               	clrf	_T10MS_CNT	;volatile
  3544     0063                     l2375:
  3545                           
  3546                           ;main.c: 372:   if (csFlag.POS == 1) {
  3547     0063  1EC0               	btfss	_csFlag,5
  3548     0064  2866               	goto	u2501
  3549     0065  2867               	goto	u2500
  3550     0066                     u2501:
  3551     0066  286A               	goto	l363
  3552     0067                     u2500:
  3553     0067                     l360:	
  3554                           ;main.c: 373:     do { LATAbits.LATA1 = 1; } while(0);
  3555                           
  3556     0067  0022               	movlb	2	; select bank2
  3557     0068  148C               	bsf	12,1	;volatile
  3558     0069  286C               	goto	l362
  3559     006A                     l363:	
  3560                           ;main.c: 375:     do { LATAbits.LATA1 = 0; } while(0);
  3561                           
  3562     006A  0022               	movlb	2	; select bank2
  3563     006B  108C               	bcf	12,1	;volatile
  3564     006C                     l362:	
  3565                           ;main.c: 376:   }
  3566                           
  3567                           
  3568                           ;main.c: 378: if (csFlag.HiBeam == 0 && csFlag.LoBeam == 0 && csFlag.DRL == 0 && csFlag.
      +                          POS == 0) {
  3569     006C  0020               	movlb	0	; select bank0
  3570     006D  1940               	btfsc	_csFlag,2
  3571     006E  2870               	goto	u2511
  3572     006F  2871               	goto	u2510
  3573     0070                     u2511:
  3574     0070  2883               	goto	l365
  3575     0071                     u2510:
  3576     0071                     l2377:
  3577     0071  19C0               	btfsc	_csFlag,3
  3578     0072  2874               	goto	u2521
  3579     0073  2875               	goto	u2520
  3580     0074                     u2521:
  3581     0074  2883               	goto	l365
  3582     0075                     u2520:
  3583     0075                     l2379:
  3584     0075  1A40               	btfsc	_csFlag,4
  3585     0076  2878               	goto	u2531
  3586     0077  2879               	goto	u2530
  3587     0078                     u2531:
  3588     0078  2883               	goto	l365
  3589     0079                     u2530:
  3590     0079                     l2381:
  3591     0079  1AC0               	btfsc	_csFlag,5
  3592     007A  287C               	goto	u2541
  3593     007B  287D               	goto	u2540
  3594     007C                     u2541:
  3595     007C  2883               	goto	l365
  3596     007D                     u2540:
  3597     007D                     l366:	
  3598                           ;main.c: 380:     do { LATAbits.LATA0 = 0; } while(0);
  3599                           
  3600     007D  0022               	movlb	2	; select bank2
  3601     007E  100C               	bcf	12,0	;volatile
  3602     007F                     l368:	
  3603                           ;main.c: 381:     do { LATBbits.LATB0 = 0; } while(0);
  3604                           
  3605     007F  100D               	bcf	13,0	;volatile
  3606     0080                     l2383:
  3607                           
  3608                           ;main.c: 382:     CCPR1L = 0;
  3609     0080  0025               	movlb	5	; select bank5
  3610     0081  0191               	clrf	17	;volatile
  3611                           
  3612                           ;main.c: 383:   } else if (csFlag.HiBeam == 0 && csFlag.LoBeam == 0 && csFlag.DRL == 0 &
      +                          & csFlag.POS == 1) {
  3613     0082  29B3               	goto	l2521
  3614     0083                     l365:
  3615     0083  1940               	btfsc	_csFlag,2
  3616     0084  2886               	goto	u2551
  3617     0085  2887               	goto	u2550
  3618     0086                     u2551:
  3619     0086  289A               	goto	l371
  3620     0087                     u2550:
  3621     0087                     l2385:
  3622     0087  19C0               	btfsc	_csFlag,3
  3623     0088  288A               	goto	u2561
  3624     0089  288B               	goto	u2560
  3625     008A                     u2561:
  3626     008A  289A               	goto	l371
  3627     008B                     u2560:
  3628     008B                     l2387:
  3629     008B  1A40               	btfsc	_csFlag,4
  3630     008C  288E               	goto	u2571
  3631     008D  288F               	goto	u2570
  3632     008E                     u2571:
  3633     008E  289A               	goto	l371
  3634     008F                     u2570:
  3635     008F                     l2389:
  3636     008F  1EC0               	btfss	_csFlag,5
  3637     0090  2892               	goto	u2581
  3638     0091  2893               	goto	u2580
  3639     0092                     u2581:
  3640     0092  289A               	goto	l371
  3641     0093                     u2580:
  3642     0093                     l372:	
  3643                           ;main.c: 385:     do { LATAbits.LATA0 = 0; } while(0);
  3644                           
  3645     0093  0022               	movlb	2	; select bank2
  3646     0094  100C               	bcf	12,0	;volatile
  3647     0095                     l374:	
  3648                           ;main.c: 386:     do { LATBbits.LATB0 = 0; } while(0);
  3649                           
  3650     0095  100D               	bcf	13,0	;volatile
  3651     0096                     l2391:
  3652                           
  3653                           ;main.c: 387:     POS_ON();
  3654     0096  3184  24DC  3180   	fcall	_POS_ON
  3655                           
  3656                           ;main.c: 388:   } else if (csFlag.HiBeam == 0 && csFlag.LoBeam == 0 && csFlag.DRL == 1 &
      +                          & csFlag.POS == 0) {
  3657     0099  29B3               	goto	l2521
  3658     009A                     l371:
  3659     009A  1940               	btfsc	_csFlag,2
  3660     009B  289D               	goto	u2591
  3661     009C  289E               	goto	u2590
  3662     009D                     u2591:
  3663     009D  28B1               	goto	l377
  3664     009E                     u2590:
  3665     009E                     l2393:
  3666     009E  19C0               	btfsc	_csFlag,3
  3667     009F  28A1               	goto	u2601
  3668     00A0  28A2               	goto	u2600
  3669     00A1                     u2601:
  3670     00A1  28B1               	goto	l377
  3671     00A2                     u2600:
  3672     00A2                     l2395:
  3673     00A2  1E40               	btfss	_csFlag,4
  3674     00A3  28A5               	goto	u2611
  3675     00A4  28A6               	goto	u2610
  3676     00A5                     u2611:
  3677     00A5  28B1               	goto	l377
  3678     00A6                     u2610:
  3679     00A6                     l2397:
  3680     00A6  1AC0               	btfsc	_csFlag,5
  3681     00A7  28A9               	goto	u2621
  3682     00A8  28AA               	goto	u2620
  3683     00A9                     u2621:
  3684     00A9  28B1               	goto	l377
  3685     00AA                     u2620:
  3686     00AA                     l378:	
  3687                           ;main.c: 390:     do { LATAbits.LATA0 = 0; } while(0);
  3688                           
  3689     00AA  0022               	movlb	2	; select bank2
  3690     00AB  100C               	bcf	12,0	;volatile
  3691     00AC                     l380:	
  3692                           ;main.c: 391:     do { LATBbits.LATB0 = 0; } while(0);
  3693                           
  3694     00AC  100D               	bcf	13,0	;volatile
  3695     00AD                     l2399:
  3696                           
  3697                           ;main.c: 392:     DRL_ON();
  3698     00AD  3183  2316  3180   	fcall	_DRL_ON
  3699                           
  3700                           ;main.c: 393:   } else if (csFlag.HiBeam == 0 && csFlag.LoBeam == 0 && csFlag.DRL == 1 &
      +                          & csFlag.POS == 1) {
  3701     00B0  29B3               	goto	l2521
  3702     00B1                     l377:
  3703     00B1  1940               	btfsc	_csFlag,2
  3704     00B2  28B4               	goto	u2631
  3705     00B3  28B5               	goto	u2630
  3706     00B4                     u2631:
  3707     00B4  28C5               	goto	l383
  3708     00B5                     u2630:
  3709     00B5                     l2401:
  3710     00B5  19C0               	btfsc	_csFlag,3
  3711     00B6  28B8               	goto	u2641
  3712     00B7  28B9               	goto	u2640
  3713     00B8                     u2641:
  3714     00B8  28C5               	goto	l383
  3715     00B9                     u2640:
  3716     00B9                     l2403:
  3717     00B9  1E40               	btfss	_csFlag,4
  3718     00BA  28BC               	goto	u2651
  3719     00BB  28BD               	goto	u2650
  3720     00BC                     u2651:
  3721     00BC  28C5               	goto	l383
  3722     00BD                     u2650:
  3723     00BD                     l2405:
  3724     00BD  1EC0               	btfss	_csFlag,5
  3725     00BE  28C0               	goto	u2661
  3726     00BF  28C1               	goto	u2660
  3727     00C0                     u2661:
  3728     00C0  28C5               	goto	l383
  3729     00C1                     u2660:
  3730     00C1                     l384:	
  3731                           ;main.c: 395:     do { LATAbits.LATA0 = 0; } while(0);
  3732                           
  3733     00C1  0022               	movlb	2	; select bank2
  3734     00C2  100C               	bcf	12,0	;volatile
  3735     00C3                     l386:	
  3736                           ;main.c: 396:     do { LATBbits.LATB0 = 0; } while(0);
  3737                           
  3738     00C3  100D               	bcf	13,0	;volatile
  3739     00C4  28AD               	goto	l2399
  3740     00C5                     l383:
  3741     00C5  1940               	btfsc	_csFlag,2
  3742     00C6  28C8               	goto	u2671
  3743     00C7  28C9               	goto	u2670
  3744     00C8                     u2671:
  3745     00C8  28DB               	goto	l389
  3746     00C9                     u2670:
  3747     00C9                     l2409:
  3748     00C9  1DC0               	btfss	_csFlag,3
  3749     00CA  28CC               	goto	u2681
  3750     00CB  28CD               	goto	u2680
  3751     00CC                     u2681:
  3752     00CC  28DB               	goto	l389
  3753     00CD                     u2680:
  3754     00CD                     l2411:
  3755     00CD  1A40               	btfsc	_csFlag,4
  3756     00CE  28D0               	goto	u2691
  3757     00CF  28D1               	goto	u2690
  3758     00D0                     u2691:
  3759     00D0  28DB               	goto	l389
  3760     00D1                     u2690:
  3761     00D1                     l2413:
  3762     00D1  1AC0               	btfsc	_csFlag,5
  3763     00D2  28D4               	goto	u2701
  3764     00D3  28D5               	goto	u2700
  3765     00D4                     u2701:
  3766     00D4  28DB               	goto	l389
  3767     00D5                     u2700:
  3768     00D5                     l390:	
  3769                           ;main.c: 400:     do { LATAbits.LATA0 = 0; } while(0);
  3770                           
  3771     00D5  0022               	movlb	2	; select bank2
  3772     00D6  100C               	bcf	12,0	;volatile
  3773     00D7                     l2415:
  3774                           
  3775                           ;main.c: 401:     LoBeam_ON();
  3776     00D7  3184  24D6  3180   	fcall	_LoBeam_ON
  3777     00DA  2880               	goto	l2383
  3778     00DB                     l389:
  3779     00DB  1940               	btfsc	_csFlag,2
  3780     00DC  28DE               	goto	u2711
  3781     00DD  28DF               	goto	u2710
  3782     00DE                     u2711:
  3783     00DE  28F1               	goto	l393
  3784     00DF                     u2710:
  3785     00DF                     l2419:
  3786     00DF  1DC0               	btfss	_csFlag,3
  3787     00E0  28E2               	goto	u2721
  3788     00E1  28E3               	goto	u2720
  3789     00E2                     u2721:
  3790     00E2  28F1               	goto	l393
  3791     00E3                     u2720:
  3792     00E3                     l2421:
  3793     00E3  1A40               	btfsc	_csFlag,4
  3794     00E4  28E6               	goto	u2731
  3795     00E5  28E7               	goto	u2730
  3796     00E6                     u2731:
  3797     00E6  28F1               	goto	l393
  3798     00E7                     u2730:
  3799     00E7                     l2423:
  3800     00E7  1EC0               	btfss	_csFlag,5
  3801     00E8  28EA               	goto	u2741
  3802     00E9  28EB               	goto	u2740
  3803     00EA                     u2741:
  3804     00EA  28F1               	goto	l393
  3805     00EB                     u2740:
  3806     00EB                     l394:	
  3807                           ;main.c: 405:     do { LATAbits.LATA0 = 0; } while(0);
  3808                           
  3809     00EB  0022               	movlb	2	; select bank2
  3810     00EC  100C               	bcf	12,0	;volatile
  3811     00ED                     l2425:
  3812                           
  3813                           ;main.c: 406:     LoBeam_ON();
  3814     00ED  3184  24D6  3180   	fcall	_LoBeam_ON
  3815     00F0  2896               	goto	l2391
  3816     00F1                     l393:
  3817     00F1  1940               	btfsc	_csFlag,2
  3818     00F2  28F4               	goto	u2751
  3819     00F3  28F5               	goto	u2750
  3820     00F4                     u2751:
  3821     00F4  2904               	goto	l397
  3822     00F5                     u2750:
  3823     00F5                     l2429:
  3824     00F5  1DC0               	btfss	_csFlag,3
  3825     00F6  28F8               	goto	u2761
  3826     00F7  28F9               	goto	u2760
  3827     00F8                     u2761:
  3828     00F8  2904               	goto	l397
  3829     00F9                     u2760:
  3830     00F9                     l2431:
  3831     00F9  1E40               	btfss	_csFlag,4
  3832     00FA  28FC               	goto	u2771
  3833     00FB  28FD               	goto	u2770
  3834     00FC                     u2771:
  3835     00FC  2904               	goto	l397
  3836     00FD                     u2770:
  3837     00FD                     l2433:
  3838     00FD  1AC0               	btfsc	_csFlag,5
  3839     00FE  2900               	goto	u2781
  3840     00FF  2901               	goto	u2780
  3841     0100                     u2781:
  3842     0100  2904               	goto	l397
  3843     0101                     u2780:
  3844     0101                     l398:	
  3845                           ;main.c: 410:     do { LATAbits.LATA0 = 0; } while(0);
  3846                           
  3847     0101  0022               	movlb	2	; select bank2
  3848     0102  100C               	bcf	12,0	;volatile
  3849     0103  28D7               	goto	l2415
  3850     0104                     l397:
  3851     0104  1940               	btfsc	_csFlag,2
  3852     0105  2907               	goto	u2791
  3853     0106  2908               	goto	u2790
  3854     0107                     u2791:
  3855     0107  2917               	goto	l401
  3856     0108                     u2790:
  3857     0108                     l2439:
  3858     0108  1DC0               	btfss	_csFlag,3
  3859     0109  290B               	goto	u2801
  3860     010A  290C               	goto	u2800
  3861     010B                     u2801:
  3862     010B  2917               	goto	l401
  3863     010C                     u2800:
  3864     010C                     l2441:
  3865     010C  1E40               	btfss	_csFlag,4
  3866     010D  290F               	goto	u2811
  3867     010E  2910               	goto	u2810
  3868     010F                     u2811:
  3869     010F  2917               	goto	l401
  3870     0110                     u2810:
  3871     0110                     l2443:
  3872     0110  1EC0               	btfss	_csFlag,5
  3873     0111  2913               	goto	u2821
  3874     0112  2914               	goto	u2820
  3875     0113                     u2821:
  3876     0113  2917               	goto	l401
  3877     0114                     u2820:
  3878     0114                     l402:	
  3879                           ;main.c: 415:     do { LATAbits.LATA0 = 0; } while(0);
  3880                           
  3881     0114  0022               	movlb	2	; select bank2
  3882     0115  100C               	bcf	12,0	;volatile
  3883     0116  28ED               	goto	l2425
  3884     0117                     l401:
  3885     0117  1D40               	btfss	_csFlag,2
  3886     0118  291A               	goto	u2831
  3887     0119  291B               	goto	u2830
  3888     011A                     u2831:
  3889     011A  292B               	goto	l405
  3890     011B                     u2830:
  3891     011B                     l2449:
  3892     011B  19C0               	btfsc	_csFlag,3
  3893     011C  291E               	goto	u2841
  3894     011D  291F               	goto	u2840
  3895     011E                     u2841:
  3896     011E  292B               	goto	l405
  3897     011F                     u2840:
  3898     011F                     l2451:
  3899     011F  1A40               	btfsc	_csFlag,4
  3900     0120  2922               	goto	u2851
  3901     0121  2923               	goto	u2850
  3902     0122                     u2851:
  3903     0122  292B               	goto	l405
  3904     0123                     u2850:
  3905     0123                     l2453:
  3906     0123  1AC0               	btfsc	_csFlag,5
  3907     0124  2926               	goto	u2861
  3908     0125  2927               	goto	u2860
  3909     0126                     u2861:
  3910     0126  292B               	goto	l405
  3911     0127                     u2860:
  3912     0127                     l406:	
  3913                           ;main.c: 420:     do { LATAbits.LATA0 = 1; } while(0);
  3914                           
  3915     0127  0022               	movlb	2	; select bank2
  3916     0128  140C               	bsf	12,0	;volatile
  3917     0129                     l408:	
  3918                           ;main.c: 421:     do { LATBbits.LATB0 = 0; } while(0);
  3919                           
  3920     0129  100D               	bcf	13,0	;volatile
  3921     012A  2880               	goto	l2383
  3922     012B                     l405:
  3923     012B  1D40               	btfss	_csFlag,2
  3924     012C  292E               	goto	u2871
  3925     012D  292F               	goto	u2870
  3926     012E                     u2871:
  3927     012E  293F               	goto	l411
  3928     012F                     u2870:
  3929     012F                     l2457:
  3930     012F  19C0               	btfsc	_csFlag,3
  3931     0130  2932               	goto	u2881
  3932     0131  2933               	goto	u2880
  3933     0132                     u2881:
  3934     0132  293F               	goto	l411
  3935     0133                     u2880:
  3936     0133                     l2459:
  3937     0133  1A40               	btfsc	_csFlag,4
  3938     0134  2936               	goto	u2891
  3939     0135  2937               	goto	u2890
  3940     0136                     u2891:
  3941     0136  293F               	goto	l411
  3942     0137                     u2890:
  3943     0137                     l2461:
  3944     0137  1EC0               	btfss	_csFlag,5
  3945     0138  293A               	goto	u2901
  3946     0139  293B               	goto	u2900
  3947     013A                     u2901:
  3948     013A  293F               	goto	l411
  3949     013B                     u2900:
  3950     013B                     l412:	
  3951                           ;main.c: 425:     do { LATAbits.LATA0 = 0; } while(0);
  3952                           
  3953     013B  0022               	movlb	2	; select bank2
  3954     013C  100C               	bcf	12,0	;volatile
  3955     013D                     l414:	
  3956                           ;main.c: 426:     do { LATBbits.LATB0 = 0; } while(0);
  3957                           
  3958     013D  100D               	bcf	13,0	;volatile
  3959     013E  2896               	goto	l2391
  3960     013F                     l411:
  3961     013F  1D40               	btfss	_csFlag,2
  3962     0140  2942               	goto	u2911
  3963     0141  2943               	goto	u2910
  3964     0142                     u2911:
  3965     0142  2953               	goto	l417
  3966     0143                     u2910:
  3967     0143                     l2465:
  3968     0143  19C0               	btfsc	_csFlag,3
  3969     0144  2946               	goto	u2921
  3970     0145  2947               	goto	u2920
  3971     0146                     u2921:
  3972     0146  2953               	goto	l417
  3973     0147                     u2920:
  3974     0147                     l2467:
  3975     0147  1E40               	btfss	_csFlag,4
  3976     0148  294A               	goto	u2931
  3977     0149  294B               	goto	u2930
  3978     014A                     u2931:
  3979     014A  2953               	goto	l417
  3980     014B                     u2930:
  3981     014B                     l2469:
  3982     014B  1AC0               	btfsc	_csFlag,5
  3983     014C  294E               	goto	u2941
  3984     014D  294F               	goto	u2940
  3985     014E                     u2941:
  3986     014E  2953               	goto	l417
  3987     014F                     u2940:
  3988     014F                     l418:	
  3989                           ;main.c: 430:     do { LATAbits.LATA0 = 0; } while(0);
  3990                           
  3991     014F  0022               	movlb	2	; select bank2
  3992     0150  100C               	bcf	12,0	;volatile
  3993     0151                     l420:	
  3994                           ;main.c: 431:     do { LATBbits.LATB0 = 0; } while(0);
  3995                           
  3996     0151  100D               	bcf	13,0	;volatile
  3997     0152  28AD               	goto	l2399
  3998     0153                     l417:
  3999     0153  1D40               	btfss	_csFlag,2
  4000     0154  2956               	goto	u2951
  4001     0155  2957               	goto	u2950
  4002     0156                     u2951:
  4003     0156  2967               	goto	l423
  4004     0157                     u2950:
  4005     0157                     l2473:
  4006     0157  19C0               	btfsc	_csFlag,3
  4007     0158  295A               	goto	u2961
  4008     0159  295B               	goto	u2960
  4009     015A                     u2961:
  4010     015A  2967               	goto	l423
  4011     015B                     u2960:
  4012     015B                     l2475:
  4013     015B  1E40               	btfss	_csFlag,4
  4014     015C  295E               	goto	u2971
  4015     015D  295F               	goto	u2970
  4016     015E                     u2971:
  4017     015E  2967               	goto	l423
  4018     015F                     u2970:
  4019     015F                     l2477:
  4020     015F  1EC0               	btfss	_csFlag,5
  4021     0160  2962               	goto	u2981
  4022     0161  2963               	goto	u2980
  4023     0162                     u2981:
  4024     0162  2967               	goto	l423
  4025     0163                     u2980:
  4026     0163                     l424:	
  4027                           ;main.c: 435:     do { LATAbits.LATA0 = 0; } while(0);
  4028                           
  4029     0163  0022               	movlb	2	; select bank2
  4030     0164  100C               	bcf	12,0	;volatile
  4031     0165                     l426:	
  4032                           ;main.c: 436:     do { LATBbits.LATB0 = 0; } while(0);
  4033                           
  4034     0165  100D               	bcf	13,0	;volatile
  4035     0166  28AD               	goto	l2399
  4036     0167                     l423:
  4037     0167  1D40               	btfss	_csFlag,2
  4038     0168  296A               	goto	u2991
  4039     0169  296B               	goto	u2990
  4040     016A                     u2991:
  4041     016A  297A               	goto	l429
  4042     016B                     u2990:
  4043     016B                     l2481:
  4044     016B  1DC0               	btfss	_csFlag,3
  4045     016C  296E               	goto	u3001
  4046     016D  296F               	goto	u3000
  4047     016E                     u3001:
  4048     016E  297A               	goto	l429
  4049     016F                     u3000:
  4050     016F                     l2483:
  4051     016F  1A40               	btfsc	_csFlag,4
  4052     0170  2972               	goto	u3011
  4053     0171  2973               	goto	u3010
  4054     0172                     u3011:
  4055     0172  297A               	goto	l429
  4056     0173                     u3010:
  4057     0173                     l2485:
  4058     0173  1AC0               	btfsc	_csFlag,5
  4059     0174  2976               	goto	u3021
  4060     0175  2977               	goto	u3020
  4061     0176                     u3021:
  4062     0176  297A               	goto	l429
  4063     0177                     u3020:
  4064     0177                     l430:	
  4065                           ;main.c: 440:     do { LATAbits.LATA0 = 1; } while(0);
  4066                           
  4067     0177  0022               	movlb	2	; select bank2
  4068     0178  140C               	bsf	12,0	;volatile
  4069     0179  28D7               	goto	l2415
  4070     017A                     l429:
  4071     017A  1D40               	btfss	_csFlag,2
  4072     017B  297D               	goto	u3031
  4073     017C  297E               	goto	u3030
  4074     017D                     u3031:
  4075     017D  298D               	goto	l433
  4076     017E                     u3030:
  4077     017E                     l2491:
  4078     017E  1DC0               	btfss	_csFlag,3
  4079     017F  2981               	goto	u3041
  4080     0180  2982               	goto	u3040
  4081     0181                     u3041:
  4082     0181  298D               	goto	l433
  4083     0182                     u3040:
  4084     0182                     l2493:
  4085     0182  1A40               	btfsc	_csFlag,4
  4086     0183  2985               	goto	u3051
  4087     0184  2986               	goto	u3050
  4088     0185                     u3051:
  4089     0185  298D               	goto	l433
  4090     0186                     u3050:
  4091     0186                     l2495:
  4092     0186  1EC0               	btfss	_csFlag,5
  4093     0187  2989               	goto	u3061
  4094     0188  298A               	goto	u3060
  4095     0189                     u3061:
  4096     0189  298D               	goto	l433
  4097     018A                     u3060:
  4098     018A                     l434:	
  4099                           ;main.c: 445:     do { LATAbits.LATA0 = 1; } while(0);
  4100                           
  4101     018A  0022               	movlb	2	; select bank2
  4102     018B  140C               	bsf	12,0	;volatile
  4103     018C  28ED               	goto	l2425
  4104     018D                     l433:
  4105     018D  1D40               	btfss	_csFlag,2
  4106     018E  2990               	goto	u3071
  4107     018F  2991               	goto	u3070
  4108     0190                     u3071:
  4109     0190  29A0               	goto	l437
  4110     0191                     u3070:
  4111     0191                     l2501:
  4112     0191  1DC0               	btfss	_csFlag,3
  4113     0192  2994               	goto	u3081
  4114     0193  2995               	goto	u3080
  4115     0194                     u3081:
  4116     0194  29A0               	goto	l437
  4117     0195                     u3080:
  4118     0195                     l2503:
  4119     0195  1E40               	btfss	_csFlag,4
  4120     0196  2998               	goto	u3091
  4121     0197  2999               	goto	u3090
  4122     0198                     u3091:
  4123     0198  29A0               	goto	l437
  4124     0199                     u3090:
  4125     0199                     l2505:
  4126     0199  1AC0               	btfsc	_csFlag,5
  4127     019A  299C               	goto	u3101
  4128     019B  299D               	goto	u3100
  4129     019C                     u3101:
  4130     019C  29A0               	goto	l437
  4131     019D                     u3100:
  4132     019D                     l438:	
  4133                           ;main.c: 450:     do { LATAbits.LATA0 = 1; } while(0);
  4134                           
  4135     019D  0022               	movlb	2	; select bank2
  4136     019E  140C               	bsf	12,0	;volatile
  4137     019F  28D7               	goto	l2415
  4138     01A0                     l437:
  4139     01A0  1D40               	btfss	_csFlag,2
  4140     01A1  29A3               	goto	u3111
  4141     01A2  29A4               	goto	u3110
  4142     01A3                     u3111:
  4143     01A3  29B3               	goto	l432
  4144     01A4                     u3110:
  4145     01A4                     l2511:
  4146     01A4  1DC0               	btfss	_csFlag,3
  4147     01A5  29A7               	goto	u3121
  4148     01A6  29A8               	goto	u3120
  4149     01A7                     u3121:
  4150     01A7  29B3               	goto	l432
  4151     01A8                     u3120:
  4152     01A8                     l2513:
  4153     01A8  1E40               	btfss	_csFlag,4
  4154     01A9  29AB               	goto	u3131
  4155     01AA  29AC               	goto	u3130
  4156     01AB                     u3131:
  4157     01AB  29B3               	goto	l432
  4158     01AC                     u3130:
  4159     01AC                     l2515:
  4160     01AC  1EC0               	btfss	_csFlag,5
  4161     01AD  29AF               	goto	u3141
  4162     01AE  29B0               	goto	u3140
  4163     01AF                     u3141:
  4164     01AF  29B3               	goto	l432
  4165     01B0                     u3140:
  4166     01B0                     l442:	
  4167                           ;main.c: 455:     do { LATAbits.LATA0 = 1; } while(0);
  4168                           
  4169     01B0  0022               	movlb	2	; select bank2
  4170     01B1  140C               	bsf	12,0	;volatile
  4171     01B2  28ED               	goto	l2425
  4172     01B3                     l432:
  4173     01B3                     l2521:
  4174                           
  4175                           ;main.c: 558:   for (uint8_t i = 0; i < 11; i++) {
  4176     01B3  0020               	movlb	0	; select bank0
  4177     01B4  01C7               	clrf	LED_output@i
  4178     01B5                     l2527:
  4179                           
  4180                           ;main.c: 559:     data_buf[i] = 0;
  4181     01B5  0847               	movf	LED_output@i,w
  4182     01B6  3E20               	addlw	(low (_data_buf| 0))& (0+255)
  4183     01B7  0086               	movwf	6
  4184     01B8  0187               	clrf	7
  4185     01B9  0181               	clrf	1
  4186     01BA                     l2529:
  4187                           
  4188                           ;main.c: 560:   }
  4189     01BA  3001               	movlw	1
  4190     01BB  00C5               	movwf	??_LED_output
  4191     01BC  0845               	movf	??_LED_output,w
  4192     01BD  07C7               	addwf	LED_output@i,f
  4193     01BE                     l2531:
  4194     01BE  300B               	movlw	11
  4195     01BF  0247               	subwf	LED_output@i,w
  4196     01C0  1C03               	skipc
  4197     01C1  29C3               	goto	u3151
  4198     01C2  29C4               	goto	u3150
  4199     01C3                     u3151:
  4200     01C3  29B5               	goto	l2527
  4201     01C4                     u3150:
  4202     01C4                     l356:
  4203     01C4  0008               	return
  4204     01C5                     __end_of_LED_output:
  4205                           
  4206                           	psect	text14
  4207     04D6                     __ptext14:	
  4208 ;; *************** function _LoBeam_ON *****************
  4209 ;; Defined at:
  4210 ;;		line 177 in file "main.c"
  4211 ;; Parameters:    Size  Location     Type
  4212 ;;		None
  4213 ;; Auto vars:     Size  Location     Type
  4214 ;;		None
  4215 ;; Return value:  Size  Location     Type
  4216 ;;                  1    wreg      void 
  4217 ;; Registers used:
  4218 ;;		None
  4219 ;; Tracked objects:
  4220 ;;		On entry : 0/0
  4221 ;;		On exit  : 0/0
  4222 ;;		Unchanged: 0/0
  4223 ;; Data sizes:     COMMON   BANK0   BANK1   BANK2   BANK3   BANK4   BANK5   BANK6
  4224 ;;      Params:         0       0       0       0       0       0       0       0
  4225 ;;      Locals:         0       0       0       0       0       0       0       0
  4226 ;;      Temps:          0       0       0       0       0       0       0       0
  4227 ;;      Totals:         0       0       0       0       0       0       0       0
  4228 ;;Total ram usage:        0 bytes
  4229 ;; Hardware stack levels used: 1
  4230 ;; Hardware stack levels required when called: 4
  4231 ;; This function calls:
  4232 ;;		Nothing
  4233 ;; This function is called by:
  4234 ;;		_LED_output
  4235 ;;		_main
  4236 ;; This function uses a non-reentrant model
  4237 ;;
  4238                           
  4239     04D6                     _LoBeam_ON:	
  4240                           ;psect for function _LoBeam_ON
  4241                           
  4242     04D6                     l299:	
  4243                           ;incstack = 0
  4244                           ; Regs used in _LoBeam_ON: []
  4245                           ;main.c: 178:   do { LATBbits.LATB0 = 1; } while(0);
  4246                           
  4247     04D6  0022               	movlb	2	; select bank2
  4248     04D7  140D               	bsf	13,0	;volatile
  4249     04D8                     l300:
  4250                           
  4251                           ;main.c: 179:   __nop();
  4252     04D8  0000               	nop
  4253                           
  4254                           ;main.c: 180:   __nop();
  4255     04D9  0000               	nop
  4256                           
  4257                           ;main.c: 181:   __nop();
  4258     04DA  0000               	nop
  4259     04DB                     l301:
  4260     04DB  0008               	return
  4261     04DC                     __end_of_LoBeam_ON:
  4262                           
  4263                           	psect	text15
  4264     0316                     __ptext15:	
  4265 ;; *************** function _DRL_ON *****************
  4266 ;; Defined at:
  4267 ;;		line 305 in file "main.c"
  4268 ;; Parameters:    Size  Location     Type
  4269 ;;		None
  4270 ;; Auto vars:     Size  Location     Type
  4271 ;;		None
  4272 ;; Return value:  Size  Location     Type
  4273 ;;                  1    wreg      void 
  4274 ;; Registers used:
  4275 ;;		wreg, status,2, status,0
  4276 ;; Tracked objects:
  4277 ;;		On entry : 0/0
  4278 ;;		On exit  : 0/0
  4279 ;;		Unchanged: 0/0
  4280 ;; Data sizes:     COMMON   BANK0   BANK1   BANK2   BANK3   BANK4   BANK5   BANK6
  4281 ;;      Params:         0       0       0       0       0       0       0       0
  4282 ;;      Locals:         0       0       0       0       0       0       0       0
  4283 ;;      Temps:          0       0       0       0       0       0       0       0
  4284 ;;      Totals:         0       0       0       0       0       0       0       0
  4285 ;;Total ram usage:        0 bytes
  4286 ;; Hardware stack levels used: 1
  4287 ;; Hardware stack levels required when called: 4
  4288 ;; This function calls:
  4289 ;;		Nothing
  4290 ;; This function is called by:
  4291 ;;		_LED_output
  4292 ;; This function uses a non-reentrant model
  4293 ;;
  4294                           
  4295     0316                     _DRL_ON:	
  4296                           ;psect for function _DRL_ON
  4297                           
  4298     0316                     l2317:	
  4299                           ;incstack = 0
  4300                           ; Regs used in _DRL_ON: [wreg+status,2+status,0]
  4301                           
  4302                           
  4303                           ;main.c: 306: if(fLampSide==0){
  4304     0316  0020               	movlb	0	; select bank0
  4305     0317  083C               	movf	_fLampSide,w
  4306     0318  1D03               	btfss	3,2
  4307     0319  2B1B               	goto	u2341
  4308     031A  2B1C               	goto	u2340
  4309     031B                     u2341:
  4310     031B  2B3D               	goto	l325
  4311     031C                     u2340:
  4312     031C                     l2319:
  4313                           
  4314                           ;main.c: 308:   if (csFlag.turnLight_R == 1 && csFlag.POS == 0){
  4315     031C  1C40               	btfss	_csFlag,0
  4316     031D  2B1F               	goto	u2351
  4317     031E  2B20               	goto	u2350
  4318     031F                     u2351:
  4319     031F  2B29               	goto	l326
  4320     0320                     u2350:
  4321     0320                     l2321:
  4322     0320  1AC0               	btfsc	_csFlag,5
  4323     0321  2B23               	goto	u2361
  4324     0322  2B24               	goto	u2360
  4325     0323                     u2361:
  4326     0323  2B29               	goto	l326
  4327     0324                     u2360:
  4328     0324                     l327:	
  4329                           ;main.c: 309:     do { LATAbits.LATA6 = 0; } while(0);
  4330                           
  4331     0324  0022               	movlb	2	; select bank2
  4332     0325  130C               	bcf	12,6	;volatile
  4333     0326                     l2323:
  4334                           
  4335                           ;main.c: 310:     CCPR1L = 0;
  4336     0326  0025               	movlb	5	; select bank5
  4337     0327  0191               	clrf	17	;volatile
  4338                           
  4339                           ;main.c: 311:   } else if(csFlag.turnLight_R == 1 && csFlag.POS == 1){
  4340     0328  2B56               	goto	l347
  4341     0329                     l326:
  4342     0329  1C40               	btfss	_csFlag,0
  4343     032A  2B2C               	goto	u2371
  4344     032B  2B2D               	goto	u2370
  4345     032C                     u2371:
  4346     032C  2B37               	goto	l334
  4347     032D                     u2370:
  4348     032D                     l2325:
  4349     032D  1EC0               	btfss	_csFlag,5
  4350     032E  2B30               	goto	u2381
  4351     032F  2B31               	goto	u2380
  4352     0330                     u2381:
  4353     0330  2B37               	goto	l334
  4354     0331                     u2380:
  4355     0331                     l331:	
  4356                           ;main.c: 312:     do { LATAbits.LATA6 = 1; } while(0);
  4357                           
  4358     0331  0022               	movlb	2	; select bank2
  4359     0332  170C               	bsf	12,6	;volatile
  4360     0333                     l2327:
  4361                           
  4362                           ;main.c: 313:     CCPR1L = 47;
  4363     0333  302F               	movlw	47
  4364     0334  0025               	movlb	5	; select bank5
  4365     0335  0091               	movwf	17	;volatile
  4366                           
  4367                           ;main.c: 314:   }else{
  4368     0336  2B56               	goto	l347
  4369     0337                     l334:	
  4370                           ;main.c: 316:     do { LATAbits.LATA6 = 0; } while(0);
  4371                           
  4372     0337  0022               	movlb	2	; select bank2
  4373     0338  130C               	bcf	12,6	;volatile
  4374     0339                     l2329:
  4375                           
  4376                           ;main.c: 317:     CCPR1L = 201;
  4377     0339  30C9               	movlw	201
  4378     033A  0025               	movlb	5	; select bank5
  4379     033B  0091               	movwf	17	;volatile
  4380     033C  2B56               	goto	l347
  4381     033D                     l325:
  4382                           
  4383                           ;main.c: 321:   if (csFlag.turnLight_L == 1 && csFlag.POS == 0){
  4384     033D  1CC0               	btfss	_csFlag,1
  4385     033E  2B40               	goto	u2391
  4386     033F  2B41               	goto	u2390
  4387     0340                     u2391:
  4388     0340  2B48               	goto	l337
  4389     0341                     u2390:
  4390     0341                     l2331:
  4391     0341  1AC0               	btfsc	_csFlag,5
  4392     0342  2B44               	goto	u2401
  4393     0343  2B45               	goto	u2400
  4394     0344                     u2401:
  4395     0344  2B48               	goto	l337
  4396     0345                     u2400:
  4397     0345                     l338:	
  4398                           ;main.c: 322:     do { LATAbits.LATA6 = 0; } while(0);
  4399                           
  4400     0345  0022               	movlb	2	; select bank2
  4401     0346  130C               	bcf	12,6	;volatile
  4402     0347  2B26               	goto	l2323
  4403     0348                     l337:
  4404     0348  1CC0               	btfss	_csFlag,1
  4405     0349  2B4B               	goto	u2411
  4406     034A  2B4C               	goto	u2410
  4407     034B                     u2411:
  4408     034B  2B53               	goto	l345
  4409     034C                     u2410:
  4410     034C                     l2335:
  4411     034C  1EC0               	btfss	_csFlag,5
  4412     034D  2B4F               	goto	u2421
  4413     034E  2B50               	goto	u2420
  4414     034F                     u2421:
  4415     034F  2B53               	goto	l345
  4416     0350                     u2420:
  4417     0350                     l342:	
  4418                           ;main.c: 325:     do { LATAbits.LATA6 = 1; } while(0);
  4419                           
  4420     0350  0022               	movlb	2	; select bank2
  4421     0351  170C               	bsf	12,6	;volatile
  4422     0352  2B33               	goto	l2327
  4423     0353                     l345:	
  4424                           ;main.c: 329:     do { LATAbits.LATA6 = 0; } while(0);
  4425                           
  4426     0353  0022               	movlb	2	; select bank2
  4427     0354  130C               	bcf	12,6	;volatile
  4428     0355  2B39               	goto	l2329
  4429     0356                     l347:
  4430     0356  0008               	return
  4431     0357                     __end_of_DRL_ON:
  4432                           
  4433                           	psect	text16
  4434     0397                     __ptext16:	
  4435 ;; *************** function _Exception_handling *****************
  4436 ;; Defined at:
  4437 ;;		line 283 in file "main.c"
  4438 ;; Parameters:    Size  Location     Type
  4439 ;;		None
  4440 ;; Auto vars:     Size  Location     Type
  4441 ;;		None
  4442 ;; Return value:  Size  Location     Type
  4443 ;;                  1    wreg      void 
  4444 ;; Registers used:
  4445 ;;		wreg, status,2, status,0, pclath, cstack
  4446 ;; Tracked objects:
  4447 ;;		On entry : 0/0
  4448 ;;		On exit  : 0/0
  4449 ;;		Unchanged: 0/0
  4450 ;; Data sizes:     COMMON   BANK0   BANK1   BANK2   BANK3   BANK4   BANK5   BANK6
  4451 ;;      Params:         0       0       0       0       0       0       0       0
  4452 ;;      Locals:         0       0       0       0       0       0       0       0
  4453 ;;      Temps:          0       0       0       0       0       0       0       0
  4454 ;;      Totals:         0       0       0       0       0       0       0       0
  4455 ;;Total ram usage:        0 bytes
  4456 ;; Hardware stack levels used: 1
  4457 ;; Hardware stack levels required when called: 5
  4458 ;; This function calls:
  4459 ;;		_POS_ON
  4460 ;; This function is called by:
  4461 ;;		_main
  4462 ;; This function uses a non-reentrant model
  4463 ;;
  4464                           
  4465     0397                     _Exception_handling:	
  4466                           ;psect for function _Exception_handling
  4467                           
  4468     0397                     l2343:	
  4469                           ;incstack = 0
  4470                           ; Regs used in _Exception_handling: [wreg+status,2+status,0+pclath+cstack]
  4471                           
  4472                           
  4473                           ;main.c: 284:   if ((data_buf[2] == 6) && (data_buf[10] == 0xD5)) {
  4474     0397  3006               	movlw	6
  4475     0398  0020               	movlb	0	; select bank0
  4476     0399  0622               	xorwf	_data_buf+2,w
  4477     039A  1D03               	btfss	3,2
  4478     039B  2B9D               	goto	u2431
  4479     039C  2B9E               	goto	u2430
  4480     039D                     u2431:
  4481     039D  2BB2               	goto	l2351
  4482     039E                     u2430:
  4483     039E                     l2345:
  4484     039E  30D5               	movlw	213
  4485     039F  062A               	xorwf	_data_buf+10,w
  4486     03A0  1D03               	btfss	3,2
  4487     03A1  2BA3               	goto	u2441
  4488     03A2  2BA4               	goto	u2440
  4489     03A3                     u2441:
  4490     03A3  2BB2               	goto	l2351
  4491     03A4                     u2440:
  4492     03A4                     l307:	
  4493                           ;main.c: 285:     do { LATAbits.LATA1 = 1; } while(0);
  4494                           
  4495     03A4  0022               	movlb	2	; select bank2
  4496     03A5  148C               	bsf	12,1	;volatile
  4497     03A6                     l308:
  4498                           
  4499                           ;main.c: 286:     fException = 1;
  4500     03A6  0020               	movlb	0	; select bank0
  4501     03A7  01BE               	clrf	_fException
  4502     03A8  0ABE               	incf	_fException,f
  4503     03A9                     l309:	
  4504                           ;main.c: 288:     do { LATBbits.LATB0 = 0; } while(0);
  4505                           
  4506     03A9  0022               	movlb	2	; select bank2
  4507     03AA  100D               	bcf	13,0	;volatile
  4508     03AB                     l311:	
  4509                           ;main.c: 289:     do { LATAbits.LATA0 = 0; } while(0);
  4510                           
  4511     03AB  100C               	bcf	12,0	;volatile
  4512     03AC                     l2347:
  4513                           
  4514                           ;main.c: 290:     POS_ON();
  4515     03AC  3184  24DC  3183   	fcall	_POS_ON
  4516     03AF                     l2349:
  4517                           
  4518                           ;main.c: 291:     T10MS_CNT = 0;
  4519     03AF  0020               	movlb	0	; select bank0
  4520     03B0  01BF               	clrf	_T10MS_CNT	;volatile
  4521                           
  4522                           ;main.c: 292:   } else if ((data_buf[2] == 2) && (data_buf[10] == 0xB4)) {
  4523     03B1  2BCC               	goto	l322
  4524     03B2                     l2351:
  4525     03B2  3002               	movlw	2
  4526     03B3  0622               	xorwf	_data_buf+2,w
  4527     03B4  1D03               	btfss	3,2
  4528     03B5  2BB7               	goto	u2451
  4529     03B6  2BB8               	goto	u2450
  4530     03B7                     u2451:
  4531     03B7  2BCB               	goto	l2357
  4532     03B8                     u2450:
  4533     03B8                     l2353:
  4534     03B8  30B4               	movlw	180
  4535     03B9  062A               	xorwf	_data_buf+10,w
  4536     03BA  1D03               	btfss	3,2
  4537     03BB  2BBD               	goto	u2461
  4538     03BC  2BBE               	goto	u2460
  4539     03BD                     u2461:
  4540     03BD  2BCB               	goto	l2357
  4541     03BE                     u2460:
  4542     03BE                     l315:	
  4543                           ;main.c: 293:     do { LATAbits.LATA1 = 0; } while(0);
  4544                           
  4545     03BE  0022               	movlb	2	; select bank2
  4546     03BF  108C               	bcf	12,1	;volatile
  4547     03C0                     l316:
  4548                           
  4549                           ;main.c: 294:     fException = 1;
  4550     03C0  0020               	movlb	0	; select bank0
  4551     03C1  01BE               	clrf	_fException
  4552     03C2  0ABE               	incf	_fException,f
  4553     03C3                     l317:	
  4554                           ;main.c: 296:     do { LATBbits.LATB0 = 0; } while(0);
  4555                           
  4556     03C3  0022               	movlb	2	; select bank2
  4557     03C4  100D               	bcf	13,0	;volatile
  4558     03C5                     l319:	
  4559                           ;main.c: 297:     do { LATAbits.LATA0 = 0; } while(0);
  4560                           
  4561     03C5  100C               	bcf	12,0	;volatile
  4562     03C6                     l2355:
  4563                           
  4564                           ;main.c: 298:     CCPR1L = 0;
  4565     03C6  0025               	movlb	5	; select bank5
  4566     03C7  0191               	clrf	17	;volatile
  4567                           
  4568                           ;main.c: 299:     T10MS_CNT = 0;
  4569     03C8  0020               	movlb	0	; select bank0
  4570     03C9  01BF               	clrf	_T10MS_CNT	;volatile
  4571                           
  4572                           ;main.c: 300:   } else {
  4573     03CA  2BCC               	goto	l322
  4574     03CB                     l2357:
  4575                           
  4576                           ;main.c: 301:     fException = 0;
  4577     03CB  01BE               	clrf	_fException
  4578     03CC                     l322:
  4579     03CC  0008               	return
  4580     03CD                     __end_of_Exception_handling:
  4581                           
  4582                           	psect	text17
  4583     04DC                     __ptext17:	
  4584 ;; *************** function _POS_ON *****************
  4585 ;; Defined at:
  4586 ;;		line 352 in file "main.c"
  4587 ;; Parameters:    Size  Location     Type
  4588 ;;		None
  4589 ;; Auto vars:     Size  Location     Type
  4590 ;;		None
  4591 ;; Return value:  Size  Location     Type
  4592 ;;                  1    wreg      void 
  4593 ;; Registers used:
  4594 ;;		wreg
  4595 ;; Tracked objects:
  4596 ;;		On entry : 0/0
  4597 ;;		On exit  : 0/0
  4598 ;;		Unchanged: 0/0
  4599 ;; Data sizes:     COMMON   BANK0   BANK1   BANK2   BANK3   BANK4   BANK5   BANK6
  4600 ;;      Params:         0       0       0       0       0       0       0       0
  4601 ;;      Locals:         0       0       0       0       0       0       0       0
  4602 ;;      Temps:          0       0       0       0       0       0       0       0
  4603 ;;      Totals:         0       0       0       0       0       0       0       0
  4604 ;;Total ram usage:        0 bytes
  4605 ;; Hardware stack levels used: 1
  4606 ;; Hardware stack levels required when called: 4
  4607 ;; This function calls:
  4608 ;;		Nothing
  4609 ;; This function is called by:
  4610 ;;		_Exception_handling
  4611 ;;		_LED_output
  4612 ;;		_main
  4613 ;; This function uses a non-reentrant model
  4614 ;;
  4615                           
  4616     04DC                     _POS_ON:	
  4617                           ;psect for function _POS_ON
  4618                           
  4619     04DC                     l350:	
  4620                           ;incstack = 0
  4621                           ; Regs used in _POS_ON: [wreg]
  4622                           ;main.c: 353:   do { LATAbits.LATA6 = 1; } while(0);
  4623                           
  4624     04DC  0022               	movlb	2	; select bank2
  4625     04DD  170C               	bsf	12,6	;volatile
  4626     04DE                     l2315:
  4627                           
  4628                           ;main.c: 354:   CCPR1L = 47;
  4629     04DE  302F               	movlw	47
  4630     04DF  0025               	movlb	5	; select bank5
  4631     04E0  0091               	movwf	17	;volatile
  4632     04E1                     l352:
  4633     04E1  0008               	return
  4634     04E2                     __end_of_POS_ON:
  4635                           
  4636                           	psect	intentry
  4637     0004                     __pintentry:	
  4638 ;; *************** function _INTERRUPT_InterruptManager *****************
  4639 ;; Defined at:
  4640 ;;		line 52 in file "mcc_generated_files/interrupt_manager.c"
  4641 ;; Parameters:    Size  Location     Type
  4642 ;;		None
  4643 ;; Auto vars:     Size  Location     Type
  4644 ;;		None
  4645 ;; Return value:  Size  Location     Type
  4646 ;;                  1    wreg      void 
  4647 ;; Registers used:
  4648 ;;		wreg, status,2, status,0, pclath, cstack
  4649 ;; Tracked objects:
  4650 ;;		On entry : 0/0
  4651 ;;		On exit  : 0/0
  4652 ;;		Unchanged: 0/0
  4653 ;; Data sizes:     COMMON   BANK0   BANK1   BANK2   BANK3   BANK4   BANK5   BANK6
  4654 ;;      Params:         0       0       0       0       0       0       0       0
  4655 ;;      Locals:         0       0       0       0       0       0       0       0
  4656 ;;      Temps:          0       0       0       0       0       0       0       0
  4657 ;;      Totals:         0       0       0       0       0       0       0       0
  4658 ;;Total ram usage:        0 bytes
  4659 ;; Hardware stack levels used: 1
  4660 ;; Hardware stack levels required when called: 3
  4661 ;; This function calls:
  4662 ;;		_ECCP3_CaptureISR
  4663 ;;		_TMR0_ISR
  4664 ;; This function is called by:
  4665 ;;		Interrupt level 1
  4666 ;; This function uses a non-reentrant model
  4667 ;;
  4668                           
  4669     0004                     _INTERRUPT_InterruptManager:
  4670                           
  4671                           ;incstack = 0
  4672     0004  147E               	bsf	int$flags,0	;set compiler interrupt flag (level 1)
  4673                           
  4674                           ; Regs used in _INTERRUPT_InterruptManager: [wreg+status,2+status,0+pclath+cstack]
  4675     0005  3180               	pagesel	$
  4676     0006                     i1l2177:
  4677                           
  4678                           ;mcc_generated_files/interrupt_manager.c: 55:     if(INTCONbits.TMR0IE == 1 && INTCONbit
      +                          s.TMR0IF == 1)
  4679     0006  1E8B               	btfss	11,5	;volatile
  4680     0007  2809               	goto	u225_21
  4681     0008  280A               	goto	u225_20
  4682     0009                     u225_21:
  4683     0009  2812               	goto	i1l53
  4684     000A                     u225_20:
  4685     000A                     i1l2179:
  4686     000A  1D0B               	btfss	11,2	;volatile
  4687     000B  280D               	goto	u226_21
  4688     000C  280E               	goto	u226_20
  4689     000D                     u226_21:
  4690     000D  2812               	goto	i1l53
  4691     000E                     u226_20:
  4692     000E                     i1l2181:
  4693                           
  4694                           ;mcc_generated_files/interrupt_manager.c: 56:     {;mcc_generated_files/interrupt_manage
      +                          r.c: 57:         TMR0_ISR();
  4695     000E  3184  2435  3180   	fcall	_TMR0_ISR
  4696                           
  4697                           ;mcc_generated_files/interrupt_manager.c: 58:     }
  4698     0011  2824               	goto	i1l59
  4699     0012                     i1l53:	
  4700                           ;mcc_generated_files/interrupt_manager.c: 59:     else if(INTCONbits.PEIE == 1)
  4701                           
  4702     0012  1F0B               	btfss	11,6	;volatile
  4703     0013  2815               	goto	u227_21
  4704     0014  2816               	goto	u227_20
  4705     0015                     u227_21:
  4706     0015  2824               	goto	i1l59
  4707     0016                     u227_20:
  4708     0016                     i1l2183:
  4709                           
  4710                           ;mcc_generated_files/interrupt_manager.c: 60:     {;mcc_generated_files/interrupt_manage
      +                          r.c: 61:         if(PIE3bits.CCP3IE == 1 && PIR3bits.CCP3IF == 1)
  4711     0016  0021               	movlb	1	; select bank1
  4712     0017  1E13               	btfss	19,4	;volatile
  4713     0018  281A               	goto	u228_21
  4714     0019  281B               	goto	u228_20
  4715     001A                     u228_21:
  4716     001A  2824               	goto	i1l58
  4717     001B                     u228_20:
  4718     001B                     i1l2185:
  4719     001B  0020               	movlb	0	; select bank0
  4720     001C  1E13               	btfss	19,4	;volatile
  4721     001D  281F               	goto	u229_21
  4722     001E  2820               	goto	u229_20
  4723     001F                     u229_21:
  4724     001F  2824               	goto	i1l58
  4725     0020                     u229_20:
  4726     0020                     i1l2187:
  4727                           
  4728                           ;mcc_generated_files/interrupt_manager.c: 62:         {;mcc_generated_files/interrupt_ma
      +                          nager.c: 63:             ECCP3_CaptureISR();
  4729     0020  3184  2470  3180   	fcall	_ECCP3_CaptureISR
  4730                           
  4731                           ;mcc_generated_files/interrupt_manager.c: 64:         }
  4732     0023  2824               	goto	i1l59
  4733     0024                     i1l58:	
  4734                           ;mcc_generated_files/interrupt_manager.c: 71:     {;mcc_generated_files/interrupt_manage
      +                          r.c: 73:     }
  4735                           
  4736     0024                     i1l59:
  4737     0024  107E               	bcf	int$flags,0	;clear compiler interrupt flag (level 1)
  4738     0025  0009               	retfie
  4739     0026                     __end_of_INTERRUPT_InterruptManager:
  4740                           
  4741                           	psect	text19
  4742     0435                     __ptext19:	
  4743 ;; *************** function _TMR0_ISR *****************
  4744 ;; Defined at:
  4745 ;;		line 108 in file "mcc_generated_files/tmr0.c"
  4746 ;; Parameters:    Size  Location     Type
  4747 ;;		None
  4748 ;; Auto vars:     Size  Location     Type
  4749 ;;		None
  4750 ;; Return value:  Size  Location     Type
  4751 ;;                  1    wreg      void 
  4752 ;; Registers used:
  4753 ;;		wreg, status,2, status,0, pclath, cstack
  4754 ;; Tracked objects:
  4755 ;;		On entry : 0/0
  4756 ;;		On exit  : 0/0
  4757 ;;		Unchanged: 0/0
  4758 ;; Data sizes:     COMMON   BANK0   BANK1   BANK2   BANK3   BANK4   BANK5   BANK6
  4759 ;;      Params:         0       0       0       0       0       0       0       0
  4760 ;;      Locals:         0       0       0       0       0       0       0       0
  4761 ;;      Temps:          0       0       0       0       0       0       0       0
  4762 ;;      Totals:         0       0       0       0       0       0       0       0
  4763 ;;Total ram usage:        0 bytes
  4764 ;; Hardware stack levels used: 1
  4765 ;; Hardware stack levels required when called: 2
  4766 ;; This function calls:
  4767 ;;		_TMR0_CallBack
  4768 ;; This function is called by:
  4769 ;;		_INTERRUPT_InterruptManager
  4770 ;; This function uses a non-reentrant model
  4771 ;;
  4772                           
  4773     0435                     _TMR0_ISR:	
  4774                           ;psect for function _TMR0_ISR
  4775                           
  4776     0435                     i1l1895:	
  4777                           ;incstack = 0
  4778                           ; Regs used in _TMR0_ISR: [wreg+status,2+status,0+pclath+cstack]
  4779                           
  4780                           
  4781                           ;mcc_generated_files/tmr0.c: 110:     static volatile uint16_t CountCallBack = 0;;mcc_ge
      +                          nerated_files/tmr0.c: 113:     INTCONbits.TMR0IF = 0;
  4782     0435  110B               	bcf	11,2	;volatile
  4783     0436                     i1l1897:
  4784                           
  4785                           ;mcc_generated_files/tmr0.c: 115:     TMR0 = timer0ReloadVal;
  4786     0436  0875               	movf	_timer0ReloadVal,w	;volatile
  4787     0437  0020               	movlb	0	; select bank0
  4788     0438  0095               	movwf	21	;volatile
  4789                           
  4790                           ;mcc_generated_files/tmr0.c: 118:     if (++CountCallBack >= 10)
  4791     0439  3001               	movlw	1
  4792     043A  07B1               	addwf	TMR0_ISR@CountCallBack,f	;volatile
  4793     043B  3000               	movlw	0
  4794     043C  3DB2               	addwfc	TMR0_ISR@CountCallBack+1,f	;volatile
  4795     043D  3000               	movlw	0
  4796     043E  0232               	subwf	TMR0_ISR@CountCallBack+1,w	;volatile
  4797     043F  300A               	movlw	10
  4798     0440  1903               	skipnz
  4799     0441  0231               	subwf	TMR0_ISR@CountCallBack,w	;volatile
  4800     0442  1C03               	skipc
  4801     0443  2C45               	goto	u141_21
  4802     0444  2C46               	goto	u141_20
  4803     0445                     u141_21:
  4804     0445  2C4C               	goto	i1l172
  4805     0446                     u141_20:
  4806     0446                     i1l1899:
  4807                           
  4808                           ;mcc_generated_files/tmr0.c: 119:     {;mcc_generated_files/tmr0.c: 121:         TMR0_Ca
      +                          llBack();
  4809     0446  3184  2499  3184   	fcall	_TMR0_CallBack
  4810     0449                     i1l1901:
  4811                           
  4812                           ;mcc_generated_files/tmr0.c: 124:         CountCallBack = 0;
  4813     0449  0020               	movlb	0	; select bank0
  4814     044A  01B1               	clrf	TMR0_ISR@CountCallBack	;volatile
  4815     044B  01B2               	clrf	TMR0_ISR@CountCallBack+1	;volatile
  4816     044C                     i1l172:
  4817     044C  0008               	return
  4818     044D                     __end_of_TMR0_ISR:
  4819                           
  4820                           	psect	text20
  4821     0499                     __ptext20:	
  4822 ;; *************** function _TMR0_CallBack *****************
  4823 ;; Defined at:
  4824 ;;		line 130 in file "mcc_generated_files/tmr0.c"
  4825 ;; Parameters:    Size  Location     Type
  4826 ;;		None
  4827 ;; Auto vars:     Size  Location     Type
  4828 ;;		None
  4829 ;; Return value:  Size  Location     Type
  4830 ;;                  1    wreg      void 
  4831 ;; Registers used:
  4832 ;;		wreg, status,2, status,0, pclath, cstack
  4833 ;; Tracked objects:
  4834 ;;		On entry : 0/0
  4835 ;;		On exit  : 0/0
  4836 ;;		Unchanged: 0/0
  4837 ;; Data sizes:     COMMON   BANK0   BANK1   BANK2   BANK3   BANK4   BANK5   BANK6
  4838 ;;      Params:         0       0       0       0       0       0       0       0
  4839 ;;      Locals:         0       0       0       0       0       0       0       0
  4840 ;;      Temps:          0       0       0       0       0       0       0       0
  4841 ;;      Totals:         0       0       0       0       0       0       0       0
  4842 ;;Total ram usage:        0 bytes
  4843 ;; Hardware stack levels used: 1
  4844 ;; Hardware stack levels required when called: 1
  4845 ;; This function calls:
  4846 ;;		NULL
  4847 ;;		_TMR0_DefaultInterruptHandler
  4848 ;;		_TMR0_EvenHandler
  4849 ;; This function is called by:
  4850 ;;		_TMR0_ISR
  4851 ;; This function uses a non-reentrant model
  4852 ;;
  4853                           
  4854     0499                     _TMR0_CallBack:	
  4855                           ;psect for function _TMR0_CallBack
  4856                           
  4857     0499                     i1l1809:	
  4858                           ;incstack = 0
  4859                           ; Regs used in _TMR0_CallBack: [wreg+status,2+status,0+pclath+cstack]
  4860                           
  4861                           
  4862                           ;mcc_generated_files/tmr0.c: 134:     if(TMR0_InterruptHandler)
  4863     0499  0020               	movlb	0	; select bank0
  4864     049A  0833               	movf	_TMR0_InterruptHandler,w
  4865     049B  0434               	iorwf	_TMR0_InterruptHandler+1,w
  4866     049C  1903               	btfsc	3,2
  4867     049D  2C9F               	goto	u120_21
  4868     049E  2CA0               	goto	u120_20
  4869     049F                     u120_21:
  4870     049F  2CA5               	goto	i1l176
  4871     04A0                     u120_20:
  4872     04A0                     i1l1811:
  4873                           
  4874                           ;mcc_generated_files/tmr0.c: 135:     {;mcc_generated_files/tmr0.c: 136:         TMR0_In
      +                          terruptHandler();
  4875     04A0  0834               	movf	_TMR0_InterruptHandler+1,w
  4876     04A1  008A               	movwf	10
  4877     04A2  0833               	movf	_TMR0_InterruptHandler,w
  4878     04A3  000A               	callw
  4879     04A4  3184               	pagesel	$
  4880     04A5                     i1l176:
  4881     04A5  0008               	return
  4882     04A6                     __end_of_TMR0_CallBack:
  4883                           
  4884                           	psect	text21
  4885     04E6                     __ptext21:	
  4886 ;; *************** function _TMR0_DefaultInterruptHandler *****************
  4887 ;; Defined at:
  4888 ;;		line 144 in file "mcc_generated_files/tmr0.c"
  4889 ;; Parameters:    Size  Location     Type
  4890 ;;		None
  4891 ;; Auto vars:     Size  Location     Type
  4892 ;;		None
  4893 ;; Return value:  Size  Location     Type
  4894 ;;                  1    wreg      void 
  4895 ;; Registers used:
  4896 ;;		None
  4897 ;; Tracked objects:
  4898 ;;		On entry : 0/0
  4899 ;;		On exit  : 0/0
  4900 ;;		Unchanged: 0/0
  4901 ;; Data sizes:     COMMON   BANK0   BANK1   BANK2   BANK3   BANK4   BANK5   BANK6
  4902 ;;      Params:         0       0       0       0       0       0       0       0
  4903 ;;      Locals:         0       0       0       0       0       0       0       0
  4904 ;;      Temps:          0       0       0       0       0       0       0       0
  4905 ;;      Totals:         0       0       0       0       0       0       0       0
  4906 ;;Total ram usage:        0 bytes
  4907 ;; Hardware stack levels used: 1
  4908 ;; This function calls:
  4909 ;;		Nothing
  4910 ;; This function is called by:
  4911 ;;		_TMR0_Initialize
  4912 ;;		_TMR0_CallBack
  4913 ;; This function uses a non-reentrant model
  4914 ;;
  4915                           
  4916     04E6                     _TMR0_DefaultInterruptHandler:	
  4917                           ;psect for function _TMR0_DefaultInterruptHandler
  4918                           
  4919     04E6                     i1l182:	
  4920                           ;incstack = 0
  4921                           ; Regs used in _TMR0_DefaultInterruptHandler: []
  4922                           
  4923     04E6  0008               	return
  4924     04E7                     __end_of_TMR0_DefaultInterruptHandler:
  4925                           
  4926                           	psect	text22
  4927     0461                     __ptext22:	
  4928 ;; *************** function _TMR0_EvenHandler *****************
  4929 ;; Defined at:
  4930 ;;		line 765 in file "main.c"
  4931 ;; Parameters:    Size  Location     Type
  4932 ;;		None
  4933 ;; Auto vars:     Size  Location     Type
  4934 ;;		None
  4935 ;; Return value:  Size  Location     Type
  4936 ;;                  1    wreg      void 
  4937 ;; Registers used:
  4938 ;;		wreg, status,2, status,0
  4939 ;; Tracked objects:
  4940 ;;		On entry : 0/0
  4941 ;;		On exit  : 0/0
  4942 ;;		Unchanged: 0/0
  4943 ;; Data sizes:     COMMON   BANK0   BANK1   BANK2   BANK3   BANK4   BANK5   BANK6
  4944 ;;      Params:         0       0       0       0       0       0       0       0
  4945 ;;      Locals:         0       0       0       0       0       0       0       0
  4946 ;;      Temps:          1       0       0       0       0       0       0       0
  4947 ;;      Totals:         1       0       0       0       0       0       0       0
  4948 ;;Total ram usage:        1 bytes
  4949 ;; Hardware stack levels used: 1
  4950 ;; This function calls:
  4951 ;;		Nothing
  4952 ;; This function is called by:
  4953 ;;		_main
  4954 ;;		_TMR0_CallBack
  4955 ;; This function uses a non-reentrant model
  4956 ;;
  4957                           
  4958     0461                     _TMR0_EvenHandler:	
  4959                           ;psect for function _TMR0_EvenHandler
  4960                           
  4961     0461                     i1l1717:	
  4962                           ;incstack = 0
  4963                           ; Regs used in _TMR0_EvenHandler: [wreg+status,2+status,0]
  4964                           
  4965                           
  4966                           ;main.c: 766:   T10MS_CNT++;
  4967     0461  3001               	movlw	1
  4968     0462  00F6               	movwf	??_TMR0_EvenHandler
  4969     0463  0876               	movf	??_TMR0_EvenHandler,w
  4970     0464  0020               	movlb	0	; select bank0
  4971     0465  07BF               	addwf	_T10MS_CNT,f	;volatile
  4972     0466                     i1l1719:
  4973                           
  4974                           ;main.c: 767:   if (T10MS_CNT >= 200) {
  4975     0466  30C8               	movlw	200
  4976     0467  023F               	subwf	_T10MS_CNT,w	;volatile
  4977     0468  1C03               	skipc
  4978     0469  2C6B               	goto	u118_21
  4979     046A  2C6C               	goto	u118_20
  4980     046B                     u118_21:
  4981     046B  2C6F               	goto	i1l527
  4982     046C                     u118_20:
  4983     046C                     i1l1721:
  4984                           
  4985                           ;main.c: 768:     fException2 = 1;
  4986     046C  01BD               	clrf	_fException2
  4987     046D  0ABD               	incf	_fException2,f
  4988     046E                     i1l1723:
  4989                           
  4990                           ;main.c: 769:     T10MS_CNT = 0;
  4991     046E  01BF               	clrf	_T10MS_CNT	;volatile
  4992     046F                     i1l527:
  4993     046F  0008               	return
  4994     0470                     __end_of_TMR0_EvenHandler:
  4995                           
  4996                           	psect	text23
  4997     0470                     __ptext23:	
  4998 ;; *************** function _ECCP3_CaptureISR *****************
  4999 ;; Defined at:
  5000 ;;		line 80 in file "mcc_generated_files/eccp3.c"
  5001 ;; Parameters:    Size  Location     Type
  5002 ;;		None
  5003 ;; Auto vars:     Size  Location     Type
  5004 ;;  module          2    4[COMMON] struct CCPR3Reg_tag
  5005 ;; Return value:  Size  Location     Type
  5006 ;;                  1    wreg      void 
  5007 ;; Registers used:
  5008 ;;		wreg, status,2, status,0, pclath, cstack
  5009 ;; Tracked objects:
  5010 ;;		On entry : 0/0
  5011 ;;		On exit  : 0/0
  5012 ;;		Unchanged: 0/0
  5013 ;; Data sizes:     COMMON   BANK0   BANK1   BANK2   BANK3   BANK4   BANK5   BANK6
  5014 ;;      Params:         0       0       0       0       0       0       0       0
  5015 ;;      Locals:         2       0       0       0       0       0       0       0
  5016 ;;      Temps:          0       0       0       0       0       0       0       0
  5017 ;;      Totals:         2       0       0       0       0       0       0       0
  5018 ;;Total ram usage:        2 bytes
  5019 ;; Hardware stack levels used: 1
  5020 ;; Hardware stack levels required when called: 1
  5021 ;; This function calls:
  5022 ;;		_ECCP3_CallBack
  5023 ;; This function is called by:
  5024 ;;		_INTERRUPT_InterruptManager
  5025 ;; This function uses a non-reentrant model
  5026 ;;
  5027                           
  5028     0470                     _ECCP3_CaptureISR:	
  5029                           ;psect for function _ECCP3_CaptureISR
  5030                           
  5031     0470                     i1l1903:	
  5032                           ;incstack = 0
  5033                           ; Regs used in _ECCP3_CaptureISR: [wreg+status,2+status,0+pclath+cstack]
  5034                           
  5035                           
  5036                           ;mcc_generated_files/eccp3.c: 82:     CCP3_PERIOD_REG_T module;;mcc_generated_files/eccp
      +                          3.c: 85:     PIR3bits.CCP3IF = 0;
  5037     0470  0020               	movlb	0	; select bank0
  5038     0471  1213               	bcf	19,4	;volatile
  5039     0472                     i1l1905:
  5040                           
  5041                           ;mcc_generated_files/eccp3.c: 88:     module.ccpr3l = CCPR3L;
  5042     0472  0026               	movlb	6	; select bank6
  5043     0473  0811               	movf	17,w	;volatile
  5044     0474  00FA               	movwf	ECCP3_CaptureISR@module
  5045                           
  5046                           ;mcc_generated_files/eccp3.c: 89:     module.ccpr3h = CCPR3H;
  5047     0475  0812               	movf	18,w	;volatile
  5048     0476  00FB               	movwf	ECCP3_CaptureISR@module+1
  5049     0477                     i1l1907:
  5050                           
  5051                           ;mcc_generated_files/eccp3.c: 92:     ECCP3_CallBack(module.ccpr3_16Bit);
  5052     0477  087B               	movf	ECCP3_CaptureISR@module+1,w
  5053     0478  00F7               	movwf	ECCP3_CallBack@capturedValue+1
  5054     0479  087A               	movf	ECCP3_CaptureISR@module,w
  5055     047A  00F6               	movwf	ECCP3_CallBack@capturedValue
  5056     047B  3181  21C5  3184   	fcall	_ECCP3_CallBack
  5057     047E                     i1l232:
  5058     047E  0008               	return
  5059     047F                     __end_of_ECCP3_CaptureISR:
  5060                           
  5061                           	psect	text24
  5062     01C5                     __ptext24:	
  5063 ;; *************** function _ECCP3_CallBack *****************
  5064 ;; Defined at:
  5065 ;;		line 685 in file "main.c"
  5066 ;; Parameters:    Size  Location     Type
  5067 ;;  capturedValu    2    0[COMMON] unsigned short 
  5068 ;; Auto vars:     Size  Location     Type
  5069 ;;		None
  5070 ;; Return value:  Size  Location     Type
  5071 ;;                  1    wreg      void 
  5072 ;; Registers used:
  5073 ;;		wreg, status,2, status,0
  5074 ;; Tracked objects:
  5075 ;;		On entry : 0/0
  5076 ;;		On exit  : 0/0
  5077 ;;		Unchanged: 0/0
  5078 ;; Data sizes:     COMMON   BANK0   BANK1   BANK2   BANK3   BANK4   BANK5   BANK6
  5079 ;;      Params:         2       0       0       0       0       0       0       0
  5080 ;;      Locals:         0       0       0       0       0       0       0       0
  5081 ;;      Temps:          2       0       0       0       0       0       0       0
  5082 ;;      Totals:         4       0       0       0       0       0       0       0
  5083 ;;Total ram usage:        4 bytes
  5084 ;; Hardware stack levels used: 1
  5085 ;; This function calls:
  5086 ;;		Nothing
  5087 ;; This function is called by:
  5088 ;;		_ECCP3_CaptureISR
  5089 ;; This function uses a non-reentrant model
  5090 ;;
  5091                           
  5092     01C5                     _ECCP3_CallBack:	
  5093                           ;psect for function _ECCP3_CallBack
  5094                           
  5095     01C5                     i1l1813:	
  5096                           ;incstack = 0
  5097                           ; Regs used in _ECCP3_CallBack: [wreg+status,2+status,0]
  5098                           
  5099                           
  5100                           ;main.c: 686:   static uint16_t pluse_width_LO = 0;;main.c: 687:   static uint16_t pluse
      +                          _width_HI = 0;;main.c: 688:   static uint8_t HI_us = 0;;main.c: 689:   static uint8_t LO
      +                          _us = 0;;main.c: 690:   static uint8_t diff_us = 0;;main.c: 691:   static uint16_t falli
      +                          ng_edge_time = 0;;main.c: 692:   static uint16_t rising_edge_time = 0;;main.c: 693:   st
      +                          atic _Bool rise_edge_flag = 0;;main.c: 694:   static _Bool fHead = 0;;main.c: 695:   sta
      +                          tic uint8_t data_cnt = 0;;main.c: 698:   if (CCP3CON == 0x04) {
  5101     01C5  3004               	movlw	4
  5102     01C6  0026               	movlb	6	; select bank6
  5103     01C7  0613               	xorwf	19,w	;volatile
  5104     01C8  1D03               	btfss	3,2
  5105     01C9  29CB               	goto	u121_21
  5106     01CA  29CC               	goto	u121_20
  5107     01CB                     u121_21:
  5108     01CB  2A4C               	goto	i1l1857
  5109     01CC                     u121_20:
  5110     01CC                     i1l1815:
  5111                           
  5112                           ;main.c: 699:     falling_edge_time = capturedValue;
  5113     01CC  0877               	movf	ECCP3_CallBack@capturedValue+1,w
  5114     01CD  00F1               	movwf	ECCP3_CallBack@falling_edge_time+1
  5115     01CE  0876               	movf	ECCP3_CallBack@capturedValue,w
  5116     01CF  00F0               	movwf	ECCP3_CallBack@falling_edge_time
  5117                           
  5118                           ;main.c: 700:     CCP3CON = 0x05;
  5119     01D0  3005               	movlw	5
  5120     01D1  0093               	movwf	19	;volatile
  5121     01D2                     i1l1817:
  5122                           
  5123                           ;main.c: 701:     if (rise_edge_flag == 1) {
  5124     01D2  0020               	movlb	0	; select bank0
  5125     01D3  0339               	decf	ECCP3_CallBack@rise_edge_flag,w
  5126     01D4  1D03               	btfss	3,2
  5127     01D5  29D7               	goto	u122_21
  5128     01D6  29D8               	goto	u122_20
  5129     01D7                     u122_21:
  5130     01D7  2A63               	goto	i1l523
  5131     01D8                     u122_20:
  5132     01D8                     i1l1819:
  5133                           
  5134                           ;main.c: 702:       rise_edge_flag = 0;
  5135     01D8  01B9               	clrf	ECCP3_CallBack@rise_edge_flag
  5136     01D9                     i1l1823:
  5137                           
  5138                           ;main.c: 705:         pluse_width_HI = falling_edge_time - rising_edge_time;
  5139     01D9  082B               	movf	ECCP3_CallBack@rising_edge_time,w
  5140     01DA  0270               	subwf	ECCP3_CallBack@falling_edge_time,w
  5141     01DB  00AD               	movwf	ECCP3_CallBack@pluse_width_HI
  5142     01DC  082C               	movf	ECCP3_CallBack@rising_edge_time+1,w
  5143     01DD  3B71               	subwfb	ECCP3_CallBack@falling_edge_time+1,w
  5144     01DE  00AE               	movwf	ECCP3_CallBack@pluse_width_HI+1
  5145     01DF                     i1l508:	
  5146                           ;main.c: 708:       }
  5147                           
  5148                           
  5149                           ;main.c: 709:       LO_us = (pluse_width_LO >> 3) & 0xff;
  5150     01DF  0830               	movf	ECCP3_CallBack@pluse_width_LO+1,w
  5151     01E0  00F9               	movwf	??_ECCP3_CallBack+1
  5152     01E1  082F               	movf	ECCP3_CallBack@pluse_width_LO,w
  5153     01E2  00F8               	movwf	??_ECCP3_CallBack
  5154     01E3  36F9               	lsrf	??_ECCP3_CallBack+1,f
  5155     01E4  0CF8               	rrf	??_ECCP3_CallBack,f
  5156     01E5  36F9               	lsrf	??_ECCP3_CallBack+1,f
  5157     01E6  0CF8               	rrf	??_ECCP3_CallBack,f
  5158     01E7  36F9               	lsrf	??_ECCP3_CallBack+1,f
  5159     01E8  0CF8               	rrf	??_ECCP3_CallBack,f
  5160     01E9  0878               	movf	??_ECCP3_CallBack,w
  5161     01EA  00BB               	movwf	ECCP3_CallBack@LO_us
  5162                           
  5163                           ;main.c: 710:       HI_us = (pluse_width_HI >> 3) & 0xff;
  5164     01EB  082E               	movf	ECCP3_CallBack@pluse_width_HI+1,w
  5165     01EC  00F9               	movwf	??_ECCP3_CallBack+1
  5166     01ED  082D               	movf	ECCP3_CallBack@pluse_width_HI,w
  5167     01EE  00F8               	movwf	??_ECCP3_CallBack
  5168     01EF  36F9               	lsrf	??_ECCP3_CallBack+1,f
  5169     01F0  0CF8               	rrf	??_ECCP3_CallBack,f
  5170     01F1  36F9               	lsrf	??_ECCP3_CallBack+1,f
  5171     01F2  0CF8               	rrf	??_ECCP3_CallBack,f
  5172     01F3  36F9               	lsrf	??_ECCP3_CallBack+1,f
  5173     01F4  0CF8               	rrf	??_ECCP3_CallBack,f
  5174     01F5  0878               	movf	??_ECCP3_CallBack,w
  5175     01F6  00F2               	movwf	ECCP3_CallBack@HI_us
  5176     01F7                     i1l1827:
  5177                           
  5178                           ;main.c: 711:       if (HI_us > LO_us)
  5179     01F7  0872               	movf	ECCP3_CallBack@HI_us,w
  5180     01F8  023B               	subwf	ECCP3_CallBack@LO_us,w
  5181     01F9  1803               	skipnc
  5182     01FA  29FC               	goto	u123_21
  5183     01FB  29FD               	goto	u123_20
  5184     01FC                     u123_21:
  5185     01FC  2A01               	goto	i1l1831
  5186     01FD                     u123_20:
  5187     01FD                     i1l1829:
  5188                           
  5189                           ;main.c: 712:         diff_us = HI_us - LO_us;
  5190     01FD  083B               	movf	ECCP3_CallBack@LO_us,w
  5191     01FE  0272               	subwf	ECCP3_CallBack@HI_us,w
  5192     01FF  00BA               	movwf	ECCP3_CallBack@diff_us
  5193     0200  2A04               	goto	i1l1833
  5194     0201                     i1l1831:
  5195                           
  5196                           ;main.c: 714:         diff_us = LO_us - HI_us;
  5197     0201  0872               	movf	ECCP3_CallBack@HI_us,w
  5198     0202  023B               	subwf	ECCP3_CallBack@LO_us,w
  5199     0203  00BA               	movwf	ECCP3_CallBack@diff_us
  5200     0204                     i1l1833:
  5201                           
  5202                           ;main.c: 716:         if (HI_us > (25)) {
  5203     0204  301A               	movlw	26
  5204     0205  0272               	subwf	ECCP3_CallBack@HI_us,w
  5205     0206  1C03               	skipc
  5206     0207  2A09               	goto	u124_21
  5207     0208  2A0A               	goto	u124_20
  5208     0209                     u124_21:
  5209     0209  2A0D               	goto	i1l511
  5210     020A                     u124_20:
  5211     020A                     i1l1835:
  5212                           
  5213                           ;main.c: 717:         LATBbits.LATB6 = 1;
  5214     020A  0022               	movlb	2	; select bank2
  5215     020B  170D               	bsf	13,6	;volatile
  5216                           
  5217                           ;main.c: 718:       } else {
  5218     020C  2A0F               	goto	i1l1837
  5219     020D                     i1l511:
  5220                           
  5221                           ;main.c: 719:         LATBbits.LATB6 = 0;
  5222     020D  0022               	movlb	2	; select bank2
  5223     020E  130D               	bcf	13,6	;volatile
  5224     020F                     i1l1837:
  5225                           
  5226                           ;main.c: 722:       if (fHead == 0) {
  5227     020F  0020               	movlb	0	; select bank0
  5228     0210  0838               	movf	ECCP3_CallBack@fHead,w
  5229     0211  1D03               	btfss	3,2
  5230     0212  2A14               	goto	u125_21
  5231     0213  2A15               	goto	u125_20
  5232     0214                     u125_21:
  5233     0214  2A1F               	goto	i1l1845
  5234     0215                     u125_20:
  5235     0215                     i1l1839:
  5236                           
  5237                           ;main.c: 725:         if (diff_us < (16)) {
  5238     0215  3010               	movlw	16
  5239     0216  023A               	subwf	ECCP3_CallBack@diff_us,w
  5240     0217  1803               	skipnc
  5241     0218  2A1A               	goto	u126_21
  5242     0219  2A1B               	goto	u126_20
  5243     021A                     u126_21:
  5244     021A  2A4B               	goto	i1l506
  5245     021B                     u126_20:
  5246     021B                     i1l1841:
  5247                           
  5248                           ;main.c: 727:           fHead = 1;
  5249     021B  01B8               	clrf	ECCP3_CallBack@fHead
  5250     021C  0AB8               	incf	ECCP3_CallBack@fHead,f
  5251     021D                     i1l1843:
  5252                           
  5253                           ;main.c: 728:           data_cnt = 0;
  5254     021D  01B7               	clrf	ECCP3_CallBack@data_cnt
  5255     021E  2A63               	goto	i1l523
  5256     021F                     i1l1845:
  5257                           
  5258                           ;main.c: 733:         if (diff_us < (16)) {
  5259     021F  3010               	movlw	16
  5260     0220  023A               	subwf	ECCP3_CallBack@diff_us,w
  5261     0221  1803               	skipnc
  5262     0222  2A24               	goto	u127_21
  5263     0223  2A25               	goto	u127_20
  5264     0224                     u127_21:
  5265     0224  2A32               	goto	i1l1849
  5266     0225                     u127_20:
  5267     0225                     i1l1847:
  5268                           
  5269                           ;main.c: 736:           rx_data &= ~(1 << data_cnt);
  5270     0225  3001               	movlw	1
  5271     0226  00F8               	movwf	??_ECCP3_CallBack
  5272     0227  0A37               	incf	ECCP3_CallBack@data_cnt,w
  5273     0228  2A2A               	goto	u128_24
  5274     0229                     u128_25:
  5275     0229  35F8               	lslf	??_ECCP3_CallBack,f
  5276     022A                     u128_24:
  5277     022A  0B89               	decfsz	9,f
  5278     022B  2A29               	goto	u128_25
  5279     022C  0878               	movf	??_ECCP3_CallBack,w
  5280     022D  3AFF               	xorlw	255
  5281     022E  00F9               	movwf	??_ECCP3_CallBack+1
  5282     022F  0879               	movf	??_ECCP3_CallBack+1,w
  5283     0230  05F4               	andwf	_rx_data,f
  5284                           
  5285                           ;main.c: 737:         } else {
  5286     0231  2A3D               	goto	i1l517
  5287     0232                     i1l1849:
  5288                           
  5289                           ;main.c: 740:           rx_data |= (1 << data_cnt);
  5290     0232  3001               	movlw	1
  5291     0233  00F8               	movwf	??_ECCP3_CallBack
  5292     0234  0A37               	incf	ECCP3_CallBack@data_cnt,w
  5293     0235  2A37               	goto	u129_24
  5294     0236                     u129_25:
  5295     0236  35F8               	lslf	??_ECCP3_CallBack,f
  5296     0237                     u129_24:
  5297     0237  0B89               	decfsz	9,f
  5298     0238  2A36               	goto	u129_25
  5299     0239  0878               	movf	??_ECCP3_CallBack,w
  5300     023A  00F9               	movwf	??_ECCP3_CallBack+1
  5301     023B  0879               	movf	??_ECCP3_CallBack+1,w
  5302     023C  04F4               	iorwf	_rx_data,f
  5303     023D                     i1l517:	
  5304                           ;main.c: 741:         }
  5305                           
  5306                           
  5307                           ;main.c: 743:         data_cnt++;
  5308     023D  3001               	movlw	1
  5309     023E  00F8               	movwf	??_ECCP3_CallBack
  5310     023F  0878               	movf	??_ECCP3_CallBack,w
  5311     0240  07B7               	addwf	ECCP3_CallBack@data_cnt,f
  5312     0241                     i1l1851:
  5313                           
  5314                           ;main.c: 744:         if (data_cnt > 7) {
  5315     0241  3008               	movlw	8
  5316     0242  0237               	subwf	ECCP3_CallBack@data_cnt,w
  5317     0243  1C03               	skipc
  5318     0244  2A46               	goto	u130_21
  5319     0245  2A47               	goto	u130_20
  5320     0246                     u130_21:
  5321     0246  2A4B               	goto	i1l506
  5322     0247                     u130_20:
  5323     0247                     i1l1853:
  5324                           
  5325                           ;main.c: 745:           fHead = 0;
  5326     0247  01B8               	clrf	ECCP3_CallBack@fHead
  5327     0248                     i1l1855:
  5328                           
  5329                           ;main.c: 746:           data_1byte_OK = 1;
  5330     0248  3001               	movlw	1
  5331     0249  00C4               	movwf	_data_1byte_OK	;volatile
  5332     024A  2A63               	goto	i1l523
  5333     024B                     i1l506:	
  5334                           ;main.c: 749:     }
  5335                           
  5336                           
  5337                           ;main.c: 751:   }
  5338     024B  2A63               	goto	i1l523
  5339     024C                     i1l1857:
  5340     024C  3005               	movlw	5
  5341     024D  0613               	xorwf	19,w	;volatile
  5342     024E  1D03               	btfss	3,2
  5343     024F  2A51               	goto	u131_21
  5344     0250  2A52               	goto	u131_20
  5345     0251                     u131_21:
  5346     0251  2A63               	goto	i1l523
  5347     0252                     u131_20:
  5348     0252                     i1l1859:
  5349                           
  5350                           ;main.c: 753:     rising_edge_time = capturedValue;
  5351     0252  0877               	movf	ECCP3_CallBack@capturedValue+1,w
  5352     0253  0020               	movlb	0	; select bank0
  5353     0254  00AC               	movwf	ECCP3_CallBack@rising_edge_time+1
  5354     0255  0876               	movf	ECCP3_CallBack@capturedValue,w
  5355     0256  00AB               	movwf	ECCP3_CallBack@rising_edge_time
  5356                           
  5357                           ;main.c: 756:     if (rising_edge_time >= falling_edge_time) {
  5358     0257  3004               	movlw	4
  5359     0258  0026               	movlb	6	; select bank6
  5360     0259  0093               	movwf	19	;volatile
  5361     025A                     i1l1861:
  5362                           
  5363                           ;main.c: 757:       pluse_width_LO = rising_edge_time - falling_edge_time;
  5364     025A  0870               	movf	ECCP3_CallBack@falling_edge_time,w
  5365     025B  0020               	movlb	0	; select bank0
  5366     025C  022B               	subwf	ECCP3_CallBack@rising_edge_time,w
  5367     025D  00AF               	movwf	ECCP3_CallBack@pluse_width_LO
  5368     025E  0871               	movf	ECCP3_CallBack@falling_edge_time+1,w
  5369     025F  3B2C               	subwfb	ECCP3_CallBack@rising_edge_time+1,w
  5370     0260  00B0               	movwf	ECCP3_CallBack@pluse_width_LO+1
  5371     0261                     i1l1865:	
  5372                           ;main.c: 758:     } else {
  5373                           
  5374                           
  5375                           ;main.c: 761:     rise_edge_flag = 1;
  5376     0261  01B9               	clrf	ECCP3_CallBack@rise_edge_flag
  5377     0262  0AB9               	incf	ECCP3_CallBack@rise_edge_flag,f
  5378     0263                     i1l523:
  5379     0263  0008               	return
  5380     0264                     __end_of_ECCP3_CallBack:
  5381     007E                     btemp	set	126	;btemp
  5382     007E                     int$flags	set	126
  5383     007E                     wtemp0	set	126
  5384                           
  5385                           	psect	config
  5386                           
  5387                           ;Config register CONFIG1 @ 0x8007
  5388                           ;	Oscillator Selection
  5389                           ;	FOSC = INTOSC, INTOSC oscillator: I/O function on CLKIN pin
  5390                           ;	Watchdog Timer Enable
  5391                           ;	WDTE = OFF, WDT disabled
  5392                           ;	Power-up Timer Enable
  5393                           ;	PWRTE = ON, PWRT enabled
  5394                           ;	MCLR Pin Function Select
  5395                           ;	MCLRE = ON, MCLR/VPP pin function is MCLR
  5396                           ;	Flash Program Memory Code Protection
  5397                           ;	CP = OFF, Program memory code protection is disabled
  5398                           ;	Data Memory Code Protection
  5399                           ;	CPD = OFF, Data memory code protection is disabled
  5400                           ;	Brown-out Reset Enable
  5401                           ;	BOREN = ON, Brown-out Reset enabled
  5402                           ;	Clock Out Enable
  5403                           ;	CLKOUTEN = OFF, CLKOUT function is disabled. I/O or oscillator function on the CLKOUT 
      +                          pin
  5404                           ;	Internal/External Switchover
  5405                           ;	IESO = ON, Internal/External Switchover mode is enabled
  5406                           ;	Fail-Safe Clock Monitor Enable
  5407                           ;	FCMEN = ON, Fail-Safe Clock Monitor is enabled
  5408     8007                     	org	32775
  5409     8007  3FC4               	dw	16324
  5410                           
  5411                           ;Config register CONFIG2 @ 0x8008
  5412                           ;	Flash Memory Self-Write Protection
  5413                           ;	WRT = OFF, Write protection off
  5414                           ;	Voltage Regulator Capacitor Enable
  5415                           ;	VCAPEN = OFF, All VCAP pin functionality is disabled
  5416                           ;	PLL Enable
  5417                           ;	PLLEN = ON, 4x PLL enabled
  5418                           ;	Stack Overflow/Underflow Reset Enable
  5419                           ;	STVREN = ON, Stack Overflow or Underflow will cause a Reset
  5420                           ;	Brown-out Reset Voltage Selection
  5421                           ;	BORV = LO, Brown-out Reset Voltage (Vbor), low trip point selected.
  5422                           ;	Low-Voltage Programming Enable
  5423                           ;	LVP = OFF, High-voltage on MCLR/VPP must be used for programming
  5424     8008                     	org	32776
  5425     8008  1FFF               	dw	8191

Data Sizes:
    Strings     0
    Constant    0
    Data        64
    BSS         43
    Persistent  32
    Stack       0

Auto Spaces:
    Space          Size  Autos    Used
    COMMON           14      6      12
    BANK0            80      3      40
    BANK1            80      0      64
    BANK2            80      0       0
    BANK3            80      0       0
    BANK4            80      0       0
    BANK5            80      0       0
    BANK6            16      0       0

Pointer List with Targets:

    TMR0_InterruptHandler	PTR FTN()void  size(2) Largest target is 1
		 -> TMR0_DefaultInterruptHandler(), TMR0_EvenHandler(), NULL(), 

    TMR0_SetInterruptHandler@InterruptHandler	PTR FTN()void  size(2) Largest target is 1
		 -> TMR0_DefaultInterruptHandler(), TMR0_EvenHandler(), 


Critical Paths under _main in COMMON

    None.

Critical Paths under _INTERRUPT_InterruptManager in COMMON

    _INTERRUPT_InterruptManager->_ECCP3_CaptureISR
    _TMR0_CallBack->_TMR0_EvenHandler
    _ECCP3_CaptureISR->_ECCP3_CallBack

Critical Paths under _main in BANK0

    _main->_LED_output
    _TMR0_Initialize->_TMR0_SetInterruptHandler

Critical Paths under _INTERRUPT_InterruptManager in BANK0

    None.

Critical Paths under _main in BANK1

    None.

Critical Paths under _INTERRUPT_InterruptManager in BANK1

    None.

Critical Paths under _main in BANK2

    None.

Critical Paths under _INTERRUPT_InterruptManager in BANK2

    None.

Critical Paths under _main in BANK3

    None.

Critical Paths under _INTERRUPT_InterruptManager in BANK3

    None.

Critical Paths under _main in BANK4

    None.

Critical Paths under _INTERRUPT_InterruptManager in BANK4

    None.

Critical Paths under _main in BANK5

    None.

Critical Paths under _INTERRUPT_InterruptManager in BANK5

    None.

Critical Paths under _main in BANK6

    None.

Critical Paths under _INTERRUPT_InterruptManager in BANK6

    None.

Call Graph Tables:

 ---------------------------------------------------------------------------------
 (Depth) Function   	        Calls       Base Space   Used Autos Params    Refs
 ---------------------------------------------------------------------------------
 (0) _main                                                 0     0      0     555
                 _Exception_handling
                         _LED_output
                          _LoBeam_ON
                             _POS_ON
                  _SYSTEM_Initialize
           _TMR0_SetInterruptHandler
                        _check_input
                       _getFrameData
 ---------------------------------------------------------------------------------
 (1) _getFrameData                                         0     0      0       0
 ---------------------------------------------------------------------------------
 (1) _check_input                                          0     0      0       0
 ---------------------------------------------------------------------------------
 (1) _SYSTEM_Initialize                                    0     0      0     211
                   _ECCP3_Initialize
                   _EPWM1_Initialize
              _OSCILLATOR_Initialize
             _PIN_MANAGER_Initialize
                    _TMR0_Initialize
                    _TMR1_Initialize
                    _TMR2_Initialize
                     _WDT_Initialize
 ---------------------------------------------------------------------------------
 (2) _WDT_Initialize                                       0     0      0       0
 ---------------------------------------------------------------------------------
 (2) _TMR2_Initialize                                      0     0      0       0
 ---------------------------------------------------------------------------------
 (2) _TMR1_Initialize                                      0     0      0       0
 ---------------------------------------------------------------------------------
 (2) _TMR0_Initialize                                      0     0      0     211
           _TMR0_SetInterruptHandler
 ---------------------------------------------------------------------------------
 (1) _TMR0_SetInterruptHandler                             2     0      2     211
                                              0 BANK0      2     0      2
 ---------------------------------------------------------------------------------
 (2) _PIN_MANAGER_Initialize                               0     0      0       0
 ---------------------------------------------------------------------------------
 (2) _OSCILLATOR_Initialize                                0     0      0       0
 ---------------------------------------------------------------------------------
 (2) _EPWM1_Initialize                                     0     0      0       0
 ---------------------------------------------------------------------------------
 (2) _ECCP3_Initialize                                     0     0      0       0
 ---------------------------------------------------------------------------------
 (1) _LED_output                                           3     3      0     133
                                              0 BANK0      3     3      0
                             _DRL_ON
                          _LoBeam_ON
                             _POS_ON
 ---------------------------------------------------------------------------------
 (1) _LoBeam_ON                                            0     0      0       0
 ---------------------------------------------------------------------------------
 (2) _DRL_ON                                               0     0      0       0
 ---------------------------------------------------------------------------------
 (1) _Exception_handling                                   0     0      0       0
                             _POS_ON
 ---------------------------------------------------------------------------------
 (1) _POS_ON                                               0     0      0       0
 ---------------------------------------------------------------------------------
 Estimated maximum stack depth 2
 ---------------------------------------------------------------------------------
 (Depth) Function   	        Calls       Base Space   Used Autos Params    Refs
 ---------------------------------------------------------------------------------
 (4) _INTERRUPT_InterruptManager                           0     0      0     167
                   _ECCP3_CaptureISR
                           _TMR0_ISR
 ---------------------------------------------------------------------------------
 (5) _TMR0_ISR                                             0     0      0       0
                      _TMR0_CallBack
 ---------------------------------------------------------------------------------
 (6) _TMR0_CallBack                                        0     0      0       0
                                NULL *
       _TMR0_DefaultInterruptHandler *
                   _TMR0_EvenHandler *
 ---------------------------------------------------------------------------------
 (7) _TMR0_EvenHandler                                     1     1      0       0
                                              0 COMMON     1     1      0
 ---------------------------------------------------------------------------------
 (7) _TMR0_DefaultInterruptHandler                         0     0      0       0
 ---------------------------------------------------------------------------------
 (7) NULL(Fake)                                            0     0      0       0
 ---------------------------------------------------------------------------------
 (5) _ECCP3_CaptureISR                                     2     2      0     167
                                              4 COMMON     2     2      0
                     _ECCP3_CallBack
 ---------------------------------------------------------------------------------
 (6) _ECCP3_CallBack                                       4     2      2     120
                                              0 COMMON     4     2      2
 ---------------------------------------------------------------------------------
 Estimated maximum stack depth 7
 ---------------------------------------------------------------------------------

 Call Graph Graphs:

 _main (ROOT)
   _Exception_handling
     _POS_ON
   _LED_output
     _DRL_ON
     _LoBeam_ON
     _POS_ON
   _LoBeam_ON
   _POS_ON
   _SYSTEM_Initialize
     _ECCP3_Initialize
     _EPWM1_Initialize
     _OSCILLATOR_Initialize
     _PIN_MANAGER_Initialize
     _TMR0_Initialize
       _TMR0_SetInterruptHandler
     _TMR1_Initialize
     _TMR2_Initialize
     _WDT_Initialize
   _TMR0_SetInterruptHandler
   _check_input
   _getFrameData

 _INTERRUPT_InterruptManager (ROOT)
   _ECCP3_CaptureISR
     _ECCP3_CallBack
   _TMR0_ISR
     _TMR0_CallBack
       NULL(Fake) *
       _TMR0_DefaultInterruptHandler *
       _TMR0_EvenHandler *

 Address spaces:
Name               Size   Autos  Total    Cost      Usage
BIGRAM             1F0      0       0       0        0.0%
EEDATA             100      0       0       0        0.0%
NULL                 0      0       0       0        0.0%
CODE                 0      0       0       0        0.0%
BITCOMMON            E      0       0       1        0.0%
BITSFR0              0      0       0       1        0.0%
SFR0                 0      0       0       1        0.0%
COMMON               E      6       C       2       85.7%
BITSFR1              0      0       0       2        0.0%
SFR1                 0      0       0       2        0.0%
BITSFR2              0      0       0       3        0.0%
SFR2                 0      0       0       3        0.0%
STACK                0      0       0       3        0.0%
BITSFR3              0      0       0       4        0.0%
SFR3                 0      0       0       4        0.0%
ABS                  0      0      74       4        0.0%
BITBANK0            50      0       0       5        0.0%
BITSFR4              0      0       0       5        0.0%
SFR4                 0      0       0       5        0.0%
BANK0               50      3      28       6       50.0%
BITSFR5              0      0       0       6        0.0%
SFR5                 0      0       0       6        0.0%
BITBANK1            50      0       0       7        0.0%
BITSFR6              0      0       0       7        0.0%
SFR6                 0      0       0       7        0.0%
BANK1               50      0      40       8       80.0%
BITSFR7              0      0       0       8        0.0%
SFR7                 0      0       0       8        0.0%
BITBANK2            50      0       0       9        0.0%
BITSFR8              0      0       0       9        0.0%
SFR8                 0      0       0       9        0.0%
BANK2               50      0       0      10        0.0%
BITSFR9              0      0       0      10        0.0%
SFR9                 0      0       0      10        0.0%
BITBANK3            50      0       0      11        0.0%
BITSFR10             0      0       0      11        0.0%
SFR10                0      0       0      11        0.0%
BANK3               50      0       0      12        0.0%
BITSFR11             0      0       0      12        0.0%
SFR11                0      0       0      12        0.0%
BITBANK4            50      0       0      13        0.0%
BITSFR12             0      0       0      13        0.0%
SFR12                0      0       0      13        0.0%
BANK4               50      0       0      14        0.0%
BITSFR13             0      0       0      14        0.0%
SFR13                0      0       0      14        0.0%
BITBANK5            50      0       0      15        0.0%
BITSFR14             0      0       0      15        0.0%
SFR14                0      0       0      15        0.0%
BANK5               50      0       0      16        0.0%
BITSFR15             0      0       0      16        0.0%
SFR15                0      0       0      16        0.0%
BITBANK6            10      0       0      17        0.0%
BITSFR16             0      0       0      17        0.0%
SFR16                0      0       0      17        0.0%
BANK6               10      0       0      18        0.0%
BITSFR17             0      0       0      18        0.0%
SFR17                0      0       0      18        0.0%
BITSFR18             0      0       0      19        0.0%
SFR18                0      0       0      19        0.0%
DATA                 0      0      74      19        0.0%
BITSFR19             0      0       0      20        0.0%
SFR19                0      0       0      20        0.0%
BITSFR20             0      0       0      21        0.0%
SFR20                0      0       0      21        0.0%
BITSFR21             0      0       0      22        0.0%
SFR21                0      0       0      22        0.0%
BITSFR22             0      0       0      23        0.0%
SFR22                0      0       0      23        0.0%
BITSFR23             0      0       0      24        0.0%
SFR23                0      0       0      24        0.0%
BITSFR24             0      0       0      25        0.0%
SFR24                0      0       0      25        0.0%
BITSFR25             0      0       0      26        0.0%
SFR25                0      0       0      26        0.0%
BITSFR26             0      0       0      27        0.0%
SFR26                0      0       0      27        0.0%
BITSFR27             0      0       0      28        0.0%
SFR27                0      0       0      28        0.0%
BITSFR28             0      0       0      29        0.0%
SFR28                0      0       0      29        0.0%
BITSFR29             0      0       0      30        0.0%
SFR29                0      0       0      30        0.0%
BITSFR30             0      0       0      31        0.0%
SFR30                0      0       0      31        0.0%
BITSFR31             0      0       0      32        0.0%
SFR31                0      0       0      32        0.0%


Microchip Technology PIC Macro Assembler V2.46 build 20240104201356 
Symbol Table                                                                                   Tue Mar 10 15:46:25 2026

                                      _D2 0073                                        _D3 0041  
                                      l32 04AC                                        l35 04B1  
                                      l29 0434                                        l38 04E5  
                                      _CS 00A0                                        l78 048B  
                         _timer0ReloadVal 0075                                       l300 04D8  
                                     l301 04DB                                       l311 03AB  
                                     l135 041B                                       l401 0117  
                                     l322 03CC                                       l402 0114  
                                     l315 03BE                                       l307 03A4  
                                     l331 0331                                       l411 013F  
                                     l316 03C0                                       l308 03A6  
                                     l420 0151                                       l412 013B  
                                     l317 03C3                                       l309 03A9  
                                     l325 033D                                       l405 012B  
                                     l229 04BB                                       l157 0460  
                                     l350 04DC                                       l342 0350  
                                     l334 0337                                       l326 0329  
                                     l430 0177                                       l414 013D  
                                     l406 0127                                       l319 03C5  
                                     l327 0324                                       l423 0167  
                                     l352 04E1                                       l432 01B3  
                                     l424 0163                                       l408 0129  
                                     l360 0067                                       l345 0353  
                                     l337 0348                                       l433 018D  
                                     l417 0153                                       l249 0498  
                                     l338 0345                                       l442 01B0  
                                     l434 018A                                       l426 0165  
                                     l418 014F                                       l362 006C  
                                     l450 03E0                                       l347 0356  
                                     l371 009A                                       l363 006A  
                                     l179 04D5                                       l195 04C3  
                                     l451 03E1                                       l380 00AC  
                                     l372 0093                                       l356 01C4  
                                     l460 03FD                                       l452 03E7  
                                     l437 01A0                                       l429 017A  
                                     l365 0083                                       l453 03E8  
                                     l438 019D                                       l390 00D5  
                                     l374 0095                                       l366 007D  
                                     l454 03EE                                       l534 02ED  
                                     l383 00C5                                       l455 03EF  
                                     l384 00C1                                       l368 007F  
                                     l456 03F5                                       l448 03D9  
                                     l393 00F1                                       l377 00B1  
                                     l457 03F6                                       l449 03DA  
                                     l394 00EB                                       l386 00C3  
                                     l378 00AA                                       l458 03FC  
                                     l482 02D4                                       l299 04D6  
                                     l397 0104                                       l389 00DB  
                                     l398 0101                                       _PR2 001B  
                         _timer1ReloadVal 0035                           _TMR2_Initialize 04BC  
                                     wreg 0009                  __end_of_ECCP3_Initialize 04BC  
                             ?_LED_output 0076                                      l2301 0484  
                                    l2231 03FE                                      l2311 0458  
                                    l2303 044D                                      l2321 0320  
                                    l2401 00B5                                      l2241 040A  
                                    l2233 0401                                      l2313 0459  
                                    l2305 0452                                      l2315 04DE  
                                    l2331 0341                                      l2323 0326  
                                    l2411 00CD                                      l2403 00B9  
                                    l2251 0417                                      l2243 040C  
                                    l2235 0403                                      l2307 0455  
                                    l2325 032D                                      l2317 0316  
                                    l2501 0191                                      l2421 00E3  
                                    l2413 00D1                                      l2405 00BD  
                                    l2253 0419                                      l2245 040E  
                                    l2237 0405                                      l2229 04D0  
                                    l2309 0457                                      l2261 04E2  
                                    l2341 041C                                      l2351 03B2  
                                    l2343 0397                                      l2335 034C  
                                    l2327 0333                                      l2319 031C  
                                    l2511 01A4                                      l2503 0195  
                                    l2431 00F9                                      l2423 00E7  
                                    l2415 00D7                                      l2271 0494  
                                    l2263 048C                                      l2255 04A6  
                                    l2247 0411                                      l2239 0408  
                                    l2353 03B8                                      l2345 039E  
                                    l2329 0339                                      l2513 01A8  
                                    l2505 0199                                      l2441 010C  
                                    l2433 00FD                                      l2425 00ED  
                                    l2409 00C9                                      l2521 01B3  
                                    l2361 004D                                      l2281 04B6  
                                    l2273 0495                                      l2265 048F  
                                    l2257 04A9                                      l2249 0415  
                                    l2601 02E2                                      l2355 03C6  
                                    l2347 03AC                                      l2531 01BE  
                                    l2515 01AC                                      l2451 011F  
                                    l2443 0110                                      l2419 00DF  
                                    l2283 04B7                                      l2275 0496  
                                    l2267 0490                                      l2259 04AA  
                                    l2291 04C0                                      l2611 02EF  
                                    l2603 02E4                                      l2357 03CB  
                                    l2349 03AF                                      l2461 0137  
                                    l2453 0123                                      l2429 00F5  
                                    l2381 0079                                      l2373 0062  
                                    l2365 0054                                      l2285 04B9  
                                    l2277 04B2                                      l2269 0492  
                                    l2293 04C1                                      l2541 03DE  
                                    l2533 03CD                                      l2621 0303  
                                    l2613 02F2                                      l2605 02E5  
                                    l2527 01B5                                      l2439 0108  
                                    l2391 0096                                      l2383 0080  
                                    l2375 0063                                      l2359 0046  
                                    l2279 04B5                                      l2295 047F  
                                    l2287 04BC                                      l2543 03E5  
                                    l2535 03D2                                      l2551 0264  
                                    l2631 030D                                      l2623 0305  
                                    l2615 02F5                                      l2607 02E6  
                                    l2529 01BA                                      l2481 016B  
                                    l2473 0157                                      l2465 0143  
                                    l2457 012F                                      l2449 011B  
                                    l2393 009E                                      l2385 0087  
                                    l2377 0071                                      l2369 005B  
                                    l2297 0482                                      l2289 04BF  
                                    l2545 03EC                                      l2537 03D3  
                                    l2561 0277                                      l2553 026A  
                                    l2633 0310                                      l2625 0309  
                                    l2617 02F8                                      l2609 02EB  
                                    l2491 017E                                      l2483 016F  
                                    l2475 015B                                      l2467 0147  
                                    l2459 0133                                      l2395 00A2  
                                    l2387 008B                                      l2379 0075  
                                    l2299 0483                                      l2547 03F3  
                                    l2539 03D7                                      l2571 0289  
                                    l2563 0279                                      l2555 026C  
                                    l2627 030A                                      l2619 02FE  
                                    l2493 0182                                      l2485 0173  
                                    l2477 015F                                      l2469 014B  
                                    l2397 00A6                                      l2389 008F  
                                    l2549 03FA                                      l2581 02A2  
                                    l2573 028E                                      l2565 027F  
                                    l2557 0272                                      l2629 030C  
                                    l2495 0186                                      l2399 00AD  
                                    l2583 02A7                                      l2575 0293  
                                    l2559 0274                                      l2585 02AC  
                                    l2577 0298                                      l2569 0284  
                                    l2587 02AE                                      l2579 029D  
                                    l2595 02B1                                      l2597 02D5  
                                    l2599 02E0                                      u3000 016F  
                                    u3001 016E                                      u3010 0173  
                                    u3011 0172                                      u3100 019D  
                                    u3020 0177                                      u3101 019C  
                                    u3021 0176                                      _LATA 010C  
                                    u3110 01A4                                      u3030 017E  
                                    _LATB 010D                                      u3111 01A3  
                                    u3031 017D                                      _LATC 010E  
                                    u2400 0345                                      u3120 01A8  
                                    u3040 0182                                      u3200 03F3  
                                    u2401 0344                                      u3121 01A7  
                                    u3041 0181                                      u3201 03F2  
                                    _LATE 0110                                      u2410 034C  
                                    u3130 01AC                                      u3050 0186  
                                    u2330 04B1                                      u3210 03FA  
                                    u2411 034B                                      u3131 01AB  
                                    u3051 0185                                      u2331 04B0  
                                    u3211 03F9                                      u2420 0350  
                                    u2340 031C                                      u3140 01B0  
                                    u3060 018A                                      u2500 0067  
                                    u3220 026A                                      u2421 034F  
                                    u2341 031B                                      u3141 01AF  
                                    u3061 0189                                      u2501 0066  
                                    u3221 0269                                      u2430 039E  
                                    u2350 0320                                      u3150 01C4  
                                    u3070 0191                                      u2510 0071  
                                    u3230 0272                                      u2431 039D  
                                    u2351 031F                                      u3151 01C3  
                                    u3071 0190                                      u2511 0070  
                                    u3231 0271                                      u2440 03A4  
                                    u2360 0324                                      u3080 0195  
                                    u2600 00A2                                      u2520 0075  
                                    u3160 03D7                                      u3240 027F  
                                    u2441 03A3                                      u2361 0323  
                                    u3081 0194                                      u2601 00A1  
                                    u2521 0074                                      u3161 03D6  
                                    u3241 027E                                      u2450 03B8  
                                    u2370 032D                                      u3090 0199  
                                    u2610 00A6                                      u2530 0079  
                                    u3170 03DE                                      u3250 02EB  
                                    u2451 03B7                                      u2371 032C  
                                    u3091 0198                                      u2611 00A5  
                                    u2531 0078                                      u3171 03DD  
                                    u3251 02EA                                      u2460 03BE  
                                    u2380 0331                                      u2700 00D5  
                                    u2620 00AA                                      u2540 007D  
                                    u3180 03E5                                      u3260 02FE  
                                    u2461 03BD                                      u2381 0330  
                                    u2701 00D4                                      u2621 00A9  
                                    u2541 007C                                      u3181 03E4  
                                    u3261 02FD                                      u2390 0341  
                                    u2710 00DF                                      u2630 00B5  
                                    u2550 0087                                      u2470 0053  
                                    u3190 03EC                                      u3270 0303  
                                    u2391 0340                                      u2711 00DE  
                                    u2631 00B4                                      u2551 0086  
                                    u2471 0052                                      u3191 03EB  
                                    u3271 0302                                      u2800 010C  
                                    u2720 00E3                                      u2640 00B9  
                                    u2560 008B                                      u2480 005A  
                                    u2801 010B                                      u2721 00E2  
                                    u2641 00B8                                      u2561 008A  
                                    u2481 0059                                      u2810 0110  
                                    u2730 00E7                                      u2650 00BD  
                                    u2570 008F                                      u2490 0061  
                                    u2811 010F                                      u2731 00E6  
                                    u2651 00BC                                      u2571 008E  
                                    u2491 0060                                      u2900 013B  
                                    u2820 0114                                      u2740 00EB  
                                    u2660 00C1                                      u2580 0093  
                                    u2901 013A                                      u2821 0113  
                                    u2741 00EA                                      u2661 00C0  
                                    u2581 0092                                      u2910 0143  
                                    u2830 011B                                      u2750 00F5  
                                    u2670 00C9                                      u2590 009E  
                                    u2911 0142                                      u2831 011A  
                                    u2751 00F4                                      u2671 00C8  
                                    u2591 009D                                      u2920 0147  
                                    u2840 011F                                      u2760 00F9  
                                    u2680 00CD                                      u2921 0146  
                                    u2841 011E                                      u2761 00F8  
                                    u2681 00CC                                      u2930 014B  
                                    u2850 0123                                      u2770 00FD  
                                    u2690 00D1                                      u2931 014A  
                                    u2851 0122                                      u2771 00FC  
                                    u2691 00D0                                      u2940 014F  
                                    u2860 0127                                      u2780 0101  
                                    u2941 014E                                      u2861 0126  
                                    u2781 0100                                      u2950 0157  
                                    u2870 012F                                      u2790 0108  
                                    u2951 0156                                      u2871 012E  
                                    u2791 0107                                      u2960 015B  
                                    u2880 0133                                      u2961 015A  
                                    u2881 0132                                      u2970 015F  
                                    u2890 0137                                      u2971 015E  
                                    u2891 0136                                      u2980 0163  
                                    i1l53 0012                                      u2981 0162  
                                    u2990 016B                                      u2991 016A  
                                    i1l58 0024                                      i1l59 0024  
                                    _PLLR 04D6                                      _TMR0 0015  
                                    _TMR2 001A                                      _WPUB 020D  
                                    _WPUE 0210                       ECCP3_CallBack@HI_us 0072  
                     ECCP3_CallBack@LO_us 003B                                      _main 02D5  
                                    fsr0h 0005                                      fsr1h 0007  
                                    indf0 0000                                      fsr0l 0004  
                                    indf1 0001                                      fsr1l 0006  
                                    _step 0042                                      btemp 007E  
                     ECCP3_CallBack@fHead 0038                                      start 0026  
                 __end_of_TMR0_Initialize 0461            ??_TMR0_DefaultInterruptHandler 0076  
           __end_of_OSCILLATOR_Initialize 04B2                                     ?_main 0076  
                                   _T1CON 0018                                     _T2CON 001C  
                                   i1l232 047E                                     i1l172 044C  
                                   i1l182 04E6                                     i1l511 020D  
                                   i1l176 04A5                                     i1l506 024B  
                                   i1l523 0263                                     i1l508 01DF  
                                   i1l517 023D                                     i1l527 046F  
                __end_of_TMR0_EvenHandler 0470                                     _TMR1H 0017  
                                   _TMR1L 0016                                     _TRISA 008C  
                                   _TRISB 008D                                     _TRISC 008E  
                                   _TRISE 0090                 ?_TMR0_SetInterruptHandler 0045  
              __end_of_Exception_handling 03CD                          __end_of_TMR0_ISR 044D  
                          _WDT_Initialize 04E2                   __end_of_TMR1_Initialize 048C  
                                   pclath 000A                                     status 0003  
                                   wtemp0 007E              ECCP3_CallBack@pluse_width_HI 002D  
            ECCP3_CallBack@pluse_width_LO 002F                      __end_of_getFrameData 02D5  
                         __initialization 0028                              __end_of_main 0316  
                 __end_of_TMR2_Initialize 04C4               ?_INTERRUPT_InterruptManager 0076  
                                  ??_main 0048           ECCP3_CallBack@falling_edge_time 0070  
                  __end_of_WDT_Initialize 04E6                                    _CCPR1H 0292  
                                  _CCPR3H 0312                                    _CCPR1L 0291  
                                  _CCPR3L 0311                                    _APFCON 011D  
                                  _ANSELA 018C                                    _ANSELB 018D  
                                  _BORCON 0116                                    _T1GCON 0019  
                                  u120_20 04A0                                    u120_21 049F  
                                  i1l2181 000E                                    i1l2183 0016  
                                  u121_20 01CC                                    u121_21 01CB  
                                  i1l1721 046C                                    i1l2185 001B  
                                  i1l2177 0006                                    i1l1723 046E  
                                  i1l1811 04A0                                    i1l2187 0020  
                                  i1l2179 000A                                    i1l1813 01C5  
                                  i1l1717 0461                                    i1l1901 0449  
                                  i1l1831 0201                                    i1l1823 01D9  
                                  i1l1815 01CC                                    i1l1903 0470  
                                  i1l1719 0466                                    u130_20 0247  
                                  u122_20 01D8                                    u130_21 0246  
                                  i1l1841 021B                                    i1l1833 0204  
                                  u122_21 01D7                                    i1l1817 01D2  
                                  i1l1905 0472                                    i1l1809 0499  
                                  i1l1851 0241                                    i1l1843 021D  
                                  i1l1835 020A                                    i1l1827 01F7  
                                  i1l1819 01D8                                    i1l1907 0477  
                                  i1l1861 025A                                    i1l1853 0247  
                                  i1l1845 021F                                    i1l1837 020F  
                                  i1l1829 01FD                                    i1l1855 0248  
                                  i1l1847 0225                                    i1l1839 0215  
                                  u131_20 0252                                    u123_20 01FD  
                                  _DRL_ON 0316                                    i1l1865 0261  
                                  u131_21 0251                                    i1l1849 0232  
                                  u123_21 01FC                                    i1l1857 024C  
                                  i1l1859 0252                                    i1l1895 0435  
                                  u124_20 020A                                    u124_21 0209  
                                  i1l1897 0436                                    i1l1899 0446  
                                  u125_20 0215                                    u141_20 0446  
                                  u125_21 0214                                    u141_21 0445  
                                  u126_20 021B                                    u118_20 046C  
                                  u126_21 021A                                    u118_21 046B  
                                  u127_20 0225                                    u127_21 0224  
                                  u128_24 022A                                    u128_25 0229  
                                  u225_20 000A                                    u225_21 0009  
                                  u129_24 0237                                    u129_25 0236  
                                  u226_20 000E                                    u226_21 000D  
                                  u227_20 0016                                    u227_21 0015  
                                  u228_20 001B                                    u228_21 001A  
                                  u229_20 0020                                    u229_21 001F  
                                  _OSCCON 0099                                    _WDTCON 0097  
                                  _POS_ON 04DC                               LED_output@i 0047  
                            _CCPTMRS0bits 029E            ECCP3_CallBack@rising_edge_time 002B  
                                  _csFlag 0040                          ?_TMR0_Initialize 0076  
                       ?_ECCP3_CaptureISR 0076                           ?_WDT_Initialize 0076  
                      ??_ECCP3_CaptureISR 007A                                _fException 003E  
                   __end_of_TMR0_CallBack 04A6  TMR0_SetInterruptHandler@InterruptHandler 0045  
                   ECCP3_CallBack@diff_us 003A                          ?_TMR1_Initialize 0076  
                       _SYSTEM_Initialize 041C                   __end_of__initialization 0042  
                       __end_of_LoBeam_ON 04DC                        ?_SYSTEM_Initialize 0076  
                       ?_EPWM1_Initialize 0076                            __pcstackCOMMON 0076  
                            __pidataBANK1 0357                       ??_SYSTEM_Initialize 0047  
                               ?_TMR0_ISR 0076                        ??_EPWM1_Initialize 0045  
                        ?_TMR2_Initialize 0076                            _OPTION_REGbits 0095  
                   TMR0_ISR@CountCallBack 0031                              ??_LED_output 0045  
               __end_of_SYSTEM_Initialize 0435                         ?_ECCP3_Initialize 0076  
                              __pbssBANK0 0020                                   ?_DRL_ON 0076  
                      ??_ECCP3_Initialize 0045                                   ?_POS_ON 0076  
                              __pmaintext 02D5          __end_of_TMR0_SetInterruptHandler 04D6  
                              ??_TMR0_ISR 0077                                __pintentry 0004  
                                 _CCP1CON 0293                                   _CCP3CON 0313  
                                 _ECCP1AS 0295                        __end_of_LED_output 01C5  
                            _getFrameData 0264                         ?_TMR0_EvenHandler 0076  
                                 _OSCTUNE 0098                                   _PWM1CON 0294  
                      ??_TMR0_EvenHandler 0076                        _Exception_handling 0397  
                               _T10MS_CNT 003F                       ?_Exception_handling 0076  
                          _ECCP3_CallBack 01C5                                   __ptext1 0264  
                                 __ptext2 03CD                                   __ptext3 041C  
                                 __ptext4 04E2                                   __ptext5 04BC  
                                 __ptext6 047F                                   __ptext7 044D  
                                 __ptext8 04D0                                   __ptext9 03FE  
                               _T1CONbits 0018                     _OSCILLATOR_Initialize 04A6  
                               _T2CONbits 001C                             ??_check_input 0045  
                  ECCP3_CaptureISR@module 007A                  ??_PIN_MANAGER_Initialize 0045  
                           _data_1byte_OK 0044                                   _rx_data 0074  
                    ??_Exception_handling 0045                                   clrloop0 04CB  
                    end_of_initialization 0042                                   init_ram 04C4  
                                 initloop 04C5                               _fException2 003D  
                  __end_of_ECCP3_CallBack 0264                    ECCP3_CallBack@data_cnt 0037  
                        ??_WDT_Initialize 0045                  _TMR0_SetInterruptHandler 04D0  
                               _PORTBbits 000D                       __end_of_check_input 03FE  
                          __end_of_DRL_ON 0357                            __end_of_POS_ON 04E2  
                               _LoBeam_ON 04D6                           ?_ECCP3_CallBack 0076  
                  ?_OSCILLATOR_Initialize 0076                       start_initialization 0028  
                          LED_output@crc8 0046                                  ??_DRL_ON 0045  
                                ??_POS_ON 0045                                ?_LoBeam_ON 0076  
                               _fFrame_OK 0043                               __pdataBANK1 00A0  
                               _fLampSide 003C                               __pbssCOMMON 0070  
                             _check_input 03CD                                 ___latbits 0002  
                           __pcstackBANK0 0045                     _TMR0_InterruptHandler 0033  
                  _PIN_MANAGER_Initialize 03FE              ??_INTERRUPT_InterruptManager 007C  
                           _TMR0_CallBack 0499                         ??_TMR0_Initialize 0047  
                        _ECCP3_CaptureISR 0470                                  _LATAbits 010C  
                                _LATBbits 010D                                 clear_ram0 04CA  
                                _PIE3bits 0093                ??_TMR0_SetInterruptHandler 0047  
                                _PIR1bits 0011                                  _PIR3bits 0013  
                             ??_LoBeam_ON 0045                                  _TMR0_ISR 0435  
                                _PSTR1CON 0296                         ??_TMR1_Initialize 0045  
                        _EPWM1_Initialize 048C                            ?_TMR0_CallBack 0076  
                       ??_TMR2_Initialize 0045                          ??_ECCP3_CallBack 0078  
                        _ECCP3_Initialize 04B2                   ??_OSCILLATOR_Initialize 0045  
             ECCP3_CallBack@capturedValue 0076              ECCP3_CallBack@rise_edge_flag 0039  
                                _data_buf 0020                                  __ptext10 04A6  
                                __ptext11 048C                                  __ptext20 0499  
                                __ptext12 04B2                                  __ptext21 04E6  
                                __ptext13 0046                                _T1GCONbits 0019  
                                __ptext22 0461                                  __ptext14 04D6  
                                __ptext23 0470                                  __ptext15 0316  
                                __ptext24 01C5                                  __ptext16 0397  
                                __ptext17 04DC                                  __ptext19 0435  
                        _TMR0_EvenHandler 0461      __end_of_TMR0_DefaultInterruptHandler 04E7  
            _TMR0_DefaultInterruptHandler 04E6                                  int$flags 007E  
      __end_of_INTERRUPT_InterruptManager 0026                _INTERRUPT_InterruptManager 0004  
                           ?_getFrameData 0076                                _INTCONbits 000B  
                            ?_check_input 0076                           ??_TMR0_CallBack 0077  
                              _LED_output 0046                                  intlevel1 0000  
                 ?_PIN_MANAGER_Initialize 0076             ?_TMR0_DefaultInterruptHandler 0076  
                          ??_getFrameData 0045                  __end_of_ECCP3_CaptureISR 047F  
                              _OPTION_REG 0095                           _TMR0_Initialize 044D  
          __end_of_PIN_MANAGER_Initialize 041C                           _TMR1_Initialize 047F  
                __end_of_EPWM1_Initialize 0499  
